"metric","metric_role","fixed_K","year_pair","distance"
"frobenius","primary",2,"2006-2007",34.2191578269823
"frobenius","primary",2,"2007-2008",9.02339452717262
"frobenius","primary",2,"2008-2009",26.4626328999898
"frobenius","primary",2,"2009-2010",59.5986440560593
"frobenius","primary",2,"2010-2011",13.4320553503465
"frobenius","primary",2,"2011-2012",91.9856741890095
"frobenius","primary",2,"2012-2013",60.2846515305477
"frobenius","primary",2,"2013-2014",39.1477510542516
"frobenius","primary",2,"2014-2015",10.257892870585
"frobenius","primary",2,"2015-2016",12.5849119092321
"frobenius","primary",2,"2016-2017",43.04159866755
"frobenius","primary",2,"2017-2018",94.6577035168464
"frobenius","primary",2,"2018-2019",417.11207244297
"frobenius","primary",2,"2019-2020",26.7325599722555
"frobenius","primary",2,"2020-2021",391.958588608949
"frobenius","primary",2,"2021-2022",392.452747055986
"frobenius","primary",2,"2022-2023",36.1562285721116
"frobenius","primary",2,"2023-2024",24.997339748072
"cut","primary",2,"2006-2007",0.317779591837182
"cut","primary",2,"2007-2008",0.671934693877164
"cut","primary",2,"2008-2009",1.56646530612268
"cut","primary",2,"2009-2010",1.90893061224606
"cut","primary",2,"2010-2011",0.324440816326552
"cut","primary",2,"2011-2012",2.73756734693959
"cut","primary",2,"2012-2013",2.02938775509915
"cut","primary",2,"2013-2014",0.533779591836393
"cut","primary",2,"2014-2015",0.10119183673498
"cut","primary",2,"2015-2016",0.252375510204079
"cut","primary",2,"2016-2017",0.445583673469227
"cut","primary",2,"2017-2018",1.3349551020425
"cut","primary",2,"2018-2019",11.296005942603
"cut","primary",2,"2019-2020",2.40432108843529
"cut","primary",2,"2020-2021",9.72261217452555
"cut","primary",2,"2021-2022",10.2551182869207
"cut","primary",2,"2022-2023",3.55555918367313
"cut","primary",2,"2023-2024",1.83162103737937
"wasserstein","secondary",2,"2006-2007",0.472097959184047
"wasserstein","secondary",2,"2007-2008",0.828244897959257
"wasserstein","secondary",2,"2008-2009",1.56646530612183
"wasserstein","secondary",2,"2009-2010",1.90893061224507
"wasserstein","secondary",2,"2010-2011",0.324440816326363
"wasserstein","secondary",2,"2011-2012",2.73756734693976
"wasserstein","secondary",2,"2012-2013",2.02938775510215
"wasserstein","secondary",2,"2013-2014",0.548734693877895
"wasserstein","secondary",2,"2014-2015",0.163200000000306
"wasserstein","secondary",2,"2015-2016",0.417893877550915
"wasserstein","secondary",2,"2016-2017",0.622563265306044
"wasserstein","secondary",2,"2017-2018",1.33495510204095
"wasserstein","secondary",2,"2018-2019",16.4415818273193
"wasserstein","secondary",2,"2019-2020",2.41976311202432
"wasserstein","secondary",2,"2020-2021",12.9393033769277
"wasserstein","secondary",2,"2021-2022",12.8716209467576
"wasserstein","secondary",2,"2022-2023",3.56555488025234
"wasserstein","secondary",2,"2023-2024",2.98175699099853
"jensen_shannon","exploratory",2,"2006-2007",0.0001644866502198
"jensen_shannon","exploratory",2,"2007-2008",0.000455724176236314
"jensen_shannon","exploratory",2,"2008-2009",8.18070535312972e-05
"jensen_shannon","exploratory",2,"2009-2010",4.27566340703173e-05
"jensen_shannon","exploratory",2,"2010-2011",4.94417771369733e-06
"jensen_shannon","exploratory",2,"2011-2012",0.00100426018830474
"jensen_shannon","exploratory",2,"2012-2013",0.000129854272823733
"jensen_shannon","exploratory",2,"2013-2014",0.000132622316948064
"jensen_shannon","exploratory",2,"2014-2015",3.54171094117959e-05
"jensen_shannon","exploratory",2,"2015-2016",0.00018858425738594
"jensen_shannon","exploratory",2,"2016-2017",0.000362868714478488
"jensen_shannon","exploratory",2,"2017-2018",0.000605978345399205
"jensen_shannon","exploratory",2,"2018-2019",0.528602944360136
"jensen_shannon","exploratory",2,"2019-2020",0.0502969815952117
"jensen_shannon","exploratory",2,"2020-2021",0.527405003463383
"jensen_shannon","exploratory",2,"2021-2022",0.52048060857897
"jensen_shannon","exploratory",2,"2022-2023",0.0562245630771513
"jensen_shannon","exploratory",2,"2023-2024",0.0260499257344122
"total_variation","exploratory",2,"2006-2007",0.013925225821145
"total_variation","exploratory",2,"2007-2008",0.0297514065208244
"total_variation","exploratory",2,"2008-2009",0.0102630609561069
"total_variation","exploratory",2,"2009-2010",0.0048758952552906
"total_variation","exploratory",2,"2010-2011",0.00282565747612927
"total_variation","exploratory",2,"2011-2012",0.0375606191647889
"total_variation","exploratory",2,"2012-2013",0.0147226290804558
"total_variation","exploratory",2,"2013-2014",0.0114746089785895
"total_variation","exploratory",2,"2014-2015",0.00672906842472772
"total_variation","exploratory",2,"2015-2016",0.0176528579934617
"total_variation","exploratory",2,"2016-2017",0.021051266164838
"total_variation","exploratory",2,"2017-2018",0.0271762389509087
"total_variation","exploratory",2,"2018-2019",0.89690476111504
"total_variation","exploratory",2,"2019-2020",0.152026127339723
"total_variation","exploratory",2,"2020-2021",0.895556514259153
"total_variation","exploratory",2,"2021-2022",0.891410161992825
"total_variation","exploratory",2,"2022-2023",0.16712008656514
"total_variation","exploratory",2,"2023-2024",0.0808982109849084
"frobenius","primary",3,"2006-2007",36.4036029858355
"frobenius","primary",3,"2007-2008",18.9484968533147
"frobenius","primary",3,"2008-2009",26.8488848287507
"frobenius","primary",3,"2009-2010",62.2631271160249
"frobenius","primary",3,"2010-2011",13.4600230561371
"frobenius","primary",3,"2011-2012",93.0230590849106
"frobenius","primary",3,"2012-2013",60.6850899427923
"frobenius","primary",3,"2013-2014",39.2431192768636
"frobenius","primary",3,"2014-2015",10.2813606464725
"frobenius","primary",3,"2015-2016",50.5370770815433
"frobenius","primary",3,"2016-2017",63.8620368495699
"frobenius","primary",3,"2017-2018",96.3054040825896
"frobenius","primary",3,"2018-2019",68.6383059448005
"frobenius","primary",3,"2019-2020",31.991709475868
"frobenius","primary",3,"2020-2021",73.7543532417014
"frobenius","primary",3,"2021-2022",11.4654125298548
"frobenius","primary",3,"2022-2023",84.3036094228544
"frobenius","primary",3,"2023-2024",8.67974744045825
"cut","primary",3,"2006-2007",0.481892393320967
"cut","primary",3,"2007-2008",0.713730552054922
"cut","primary",3,"2008-2009",1.57080816326527
"cut","primary",3,"2009-2010",2.44996166123836
"cut","primary",3,"2010-2011",0.324440816326494
"cut","primary",3,"2011-2012",2.73756734693877
"cut","primary",3,"2012-2013",2.029387755102
"cut","primary",3,"2013-2014",0.533779591836674
"cut","primary",3,"2014-2015",0.101191836734658
"cut","primary",3,"2015-2016",5.15264811607603
"cut","primary",3,"2016-2017",4.70688654793465
"cut","primary",3,"2017-2018",2.1499606044926
"cut","primary",3,"2018-2019",3.69554868300349
"cut","primary",3,"2019-2020",2.39273075299102
"cut","primary",3,"2020-2021",3.37279920662145
"cut","primary",3,"2021-2022",0.81041632653032
"cut","primary",3,"2022-2023",3.58171983057382
"cut","primary",3,"2023-2024",0.66831020408202
"wasserstein","secondary",3,"2006-2007",1.18199126274498
"wasserstein","secondary",3,"2007-2008",1.43574512463265
"wasserstein","secondary",3,"2008-2009",1.57515102040857
"wasserstein","secondary",3,"2009-2010",2.94898512106099
"wasserstein","secondary",3,"2010-2011",0.324440816326599
"wasserstein","secondary",3,"2011-2012",2.7375673469402
"wasserstein","secondary",3,"2012-2013",2.02938775510268
"wasserstein","secondary",3,"2013-2014",0.548734693877785
"wasserstein","secondary",3,"2014-2015",0.184555102040893
"wasserstein","secondary",3,"2015-2016",9.85140526603388
"wasserstein","secondary",3,"2016-2017",9.89732510573496
"wasserstein","secondary",3,"2017-2018",2.89404340296304
"wasserstein","secondary",3,"2018-2019",5.94771210346908
"wasserstein","secondary",3,"2019-2020",2.39203134881416
"wasserstein","secondary",3,"2020-2021",5.24102494896714
"wasserstein","secondary",3,"2021-2022",0.90840816326551
"wasserstein","secondary",3,"2022-2023",3.60892537543238
"wasserstein","secondary",3,"2023-2024",0.699657142857328
"jensen_shannon","exploratory",3,"2006-2007",0.0115777443014321
"jensen_shannon","exploratory",3,"2007-2008",0.0220816375166831
"jensen_shannon","exploratory",3,"2008-2009",0.000235442282925187
"jensen_shannon","exploratory",3,"2009-2010",0.0117177831076879
"jensen_shannon","exploratory",3,"2010-2011",7.51745404498605e-06
"jensen_shannon","exploratory",3,"2011-2012",0.00104677979485236
"jensen_shannon","exploratory",3,"2012-2013",0.000138591163923288
"jensen_shannon","exploratory",3,"2013-2014",0.000154435540620183
"jensen_shannon","exploratory",3,"2014-2015",3.88468802329278e-05
"jensen_shannon","exploratory",3,"2015-2016",0.230536494278143
"jensen_shannon","exploratory",3,"2016-2017",0.232712736155213
"jensen_shannon","exploratory",3,"2017-2018",0.0236341113216394
"jensen_shannon","exploratory",3,"2018-2019",0.121165124161643
"jensen_shannon","exploratory",3,"2019-2020",0.00753159540022322
"jensen_shannon","exploratory",3,"2020-2021",0.122865242911062
"jensen_shannon","exploratory",3,"2021-2022",0.000709299916001636
"jensen_shannon","exploratory",3,"2022-2023",0.0239044662975073
"jensen_shannon","exploratory",3,"2023-2024",6.70127310440256e-05
"total_variation","exploratory",3,"2006-2007",0.0505087076312179
"total_variation","exploratory",3,"2007-2008",0.0712319842329077
"total_variation","exploratory",3,"2008-2009",0.0139044189437727
"total_variation","exploratory",3,"2009-2010",0.041543030904408
"total_variation","exploratory",3,"2010-2011",0.00374228718594873
"total_variation","exploratory",3,"2011-2012",0.0375606191650035
"total_variation","exploratory",3,"2012-2013",0.0147226290804616
"total_variation","exploratory",3,"2013-2014",0.0139688535657128
"total_variation","exploratory",3,"2014-2015",0.00723956503179739
"total_variation","exploratory",3,"2015-2016",0.505084462133444
"total_variation","exploratory",3,"2016-2017",0.515816147382531
"total_variation","exploratory",3,"2017-2018",0.0741822031902182
"total_variation","exploratory",3,"2018-2019",0.297135630524098
"total_variation","exploratory",3,"2019-2020",0.0549816038969778
"total_variation","exploratory",3,"2020-2021",0.313052688107685
"total_variation","exploratory",3,"2021-2022",0.031114711118483
"total_variation","exploratory",3,"2022-2023",0.076083730531086
"total_variation","exploratory",3,"2023-2024",0.00862705863416855
"frobenius","primary",4,"2006-2007",38.0267185349203
"frobenius","primary",4,"2007-2008",26.659857159364
"frobenius","primary",4,"2008-2009",32.4583075327553
"frobenius","primary",4,"2009-2010",64.9794371682716
"frobenius","primary",4,"2010-2011",22.8742727195049
"frobenius","primary",4,"2011-2012",95.0658826625738
"frobenius","primary",4,"2012-2013",63.3641298778828
"frobenius","primary",4,"2013-2014",43.9453277265863
"frobenius","primary",4,"2014-2015",23.7183002310056
"frobenius","primary",4,"2015-2016",24.1274375446647
"frobenius","primary",4,"2016-2017",48.3026599048543
"frobenius","primary",4,"2017-2018",104.731144362026
"frobenius","primary",4,"2018-2019",69.1461535618411
"frobenius","primary",4,"2019-2020",38.7830327968575
"frobenius","primary",4,"2020-2021",67.8490017262171
"frobenius","primary",4,"2021-2022",24.6581078546704
"frobenius","primary",4,"2022-2023",83.6854514484671
"frobenius","primary",4,"2023-2024",18.2352945981349
"cut","primary",4,"2006-2007",0.917844729703048
"cut","primary",4,"2007-2008",1.63749147289104
"cut","primary",4,"2008-2009",1.78254007371154
"cut","primary",4,"2009-2010",2.84915495425353
"cut","primary",4,"2010-2011",0.883888085669922
"cut","primary",4,"2011-2012",2.97338821339058
"cut","primary",4,"2012-2013",2.28654588685654
"cut","primary",4,"2013-2014",1.10295002311404
"cut","primary",4,"2014-2015",0.755579696620429
"cut","primary",4,"2015-2016",1.06962174958002
"cut","primary",4,"2016-2017",1.20578277614076
"cut","primary",4,"2017-2018",4.04025838069711
"cut","primary",4,"2018-2019",2.57886495734911
"cut","primary",4,"2019-2020",2.40379780838452
"cut","primary",4,"2020-2021",1.94219378504628
"cut","primary",4,"2021-2022",1.07240830705103
"cut","primary",4,"2022-2023",3.57846621315159
"cut","primary",4,"2023-2024",1.21135952488238
"wasserstein","secondary",4,"2006-2007",1.245082297191
"wasserstein","secondary",4,"2007-2008",3.24230825104996
"wasserstein","secondary",4,"2008-2009",1.57515102040815
"wasserstein","secondary",4,"2009-2010",2.78529057273543
"wasserstein","secondary",4,"2010-2011",0.667738079659654
"wasserstein","secondary",4,"2011-2012",2.89885336765284
"wasserstein","secondary",4,"2012-2013",2.02938775510287
"wasserstein","secondary",4,"2013-2014",0.976467705052932
"wasserstein","secondary",4,"2014-2015",0.635834767225995
"wasserstein","secondary",4,"2015-2016",1.71400319654112
"wasserstein","secondary",4,"2016-2017",1.70674368581725
"wasserstein","secondary",4,"2017-2018",4.97971389207878
"wasserstein","secondary",4,"2018-2019",4.57024719927788
"wasserstein","secondary",4,"2019-2020",2.40264662245034
"wasserstein","secondary",4,"2020-2021",2.34478268353245
"wasserstein","secondary",4,"2021-2022",1.40099293302178
"wasserstein","secondary",4,"2022-2023",3.56788998100937
"wasserstein","secondary",4,"2023-2024",1.73616328062347
"jensen_shannon","exploratory",4,"2006-2007",0.021271798888438
"jensen_shannon","exploratory",4,"2007-2008",0.0357628665340835
"jensen_shannon","exploratory",4,"2008-2009",0.0101015620254824
"jensen_shannon","exploratory",4,"2009-2010",0.0204842117738392
"jensen_shannon","exploratory",4,"2010-2011",0.00845399441344203
"jensen_shannon","exploratory",4,"2011-2012",0.011271030106091
"jensen_shannon","exploratory",4,"2012-2013",0.00982841608164577
"jensen_shannon","exploratory",4,"2013-2014",0.0111497014789693
"jensen_shannon","exploratory",4,"2014-2015",0.0126066078393699
"jensen_shannon","exploratory",4,"2015-2016",0.0198779912666715
"jensen_shannon","exploratory",4,"2016-2017",0.0231627216451762
"jensen_shannon","exploratory",4,"2017-2018",0.107770415957868
"jensen_shannon","exploratory",4,"2018-2019",0.0771095980386438
"jensen_shannon","exploratory",4,"2019-2020",0.0282890710543064
"jensen_shannon","exploratory",4,"2020-2021",0.0570271012312905
"jensen_shannon","exploratory",4,"2021-2022",0.0353254555196187
"jensen_shannon","exploratory",4,"2022-2023",0.0172419624526926
"jensen_shannon","exploratory",4,"2023-2024",0.0123765156356568
"total_variation","exploratory",4,"2006-2007",0.0603557757458779
"total_variation","exploratory",4,"2007-2008",0.154834650308702
"total_variation","exploratory",4,"2008-2009",0.0610161026201429
"total_variation","exploratory",4,"2009-2010",0.0788640355088236
"total_variation","exploratory",4,"2010-2011",0.0373812257008793
"total_variation","exploratory",4,"2011-2012",0.0839167263697544
"total_variation","exploratory",4,"2012-2013",0.0579066861869237
"total_variation","exploratory",4,"2013-2014",0.0568152616480903
"total_variation","exploratory",4,"2014-2015",0.0628740332377383
"total_variation","exploratory",4,"2015-2016",0.0865703892757873
"total_variation","exploratory",4,"2016-2017",0.104791654128741
"total_variation","exploratory",4,"2017-2018",0.280325005133368
"total_variation","exploratory",4,"2018-2019",0.201736887882
"total_variation","exploratory",4,"2019-2020",0.0863910122954327
"total_variation","exploratory",4,"2020-2021",0.127333943303155
"total_variation","exploratory",4,"2021-2022",0.08994718665259
"total_variation","exploratory",4,"2022-2023",0.0582399477247525
"total_variation","exploratory",4,"2023-2024",0.0435678457359337
"frobenius","primary",5,"2006-2007",40.4333550127098
"frobenius","primary",5,"2007-2008",27.0799911950993
"frobenius","primary",5,"2008-2009",34.457051343105
"frobenius","primary",5,"2009-2010",66.7777822270428
"frobenius","primary",5,"2010-2011",27.3217928875281
"frobenius","primary",5,"2011-2012",95.4567747896078
"frobenius","primary",5,"2012-2013",64.6065399182426
"frobenius","primary",5,"2013-2014",46.3780839625716
"frobenius","primary",5,"2014-2015",24.8322716332533
"frobenius","primary",5,"2015-2016",26.9287190769797
"frobenius","primary",5,"2016-2017",49.4275669898732
"frobenius","primary",5,"2017-2018",105.05260152417
"frobenius","primary",5,"2018-2019",71.8503565508744
"frobenius","primary",5,"2019-2020",44.0753503102955
"frobenius","primary",5,"2020-2021",73.9720425592001
"frobenius","primary",5,"2021-2022",39.5722350998696
"frobenius","primary",5,"2022-2023",87.6859647242661
"frobenius","primary",5,"2023-2024",25.7818713879936
"cut","primary",5,"2006-2007",1.07919357980293
"cut","primary",5,"2007-2008",1.44216425359127
"cut","primary",5,"2008-2009",2.08614317425419
"cut","primary",5,"2009-2010",3.08512437878243
"cut","primary",5,"2010-2011",1.44619516341737
"cut","primary",5,"2011-2012",3.31797226463373
"cut","primary",5,"2012-2013",2.41165485237877
"cut","primary",5,"2013-2014",1.23851898221404
"cut","primary",5,"2014-2015",0.853442038065285
"cut","primary",5,"2015-2016",0.974253165796345
"cut","primary",5,"2016-2017",1.26906793652305
"cut","primary",5,"2017-2018",4.13808238019445
"cut","primary",5,"2018-2019",2.75883785619174
"cut","primary",5,"2019-2020",2.75087207654471
"cut","primary",5,"2020-2021",2.92273929217518
"cut","primary",5,"2021-2022",2.3031630366735
"cut","primary",5,"2022-2023",3.95774665867774
"cut","primary",5,"2023-2024",1.27324222695036
"wasserstein","secondary",5,"2006-2007",1.47395468471691
"wasserstein","secondary",5,"2007-2008",2.37206412121003
"wasserstein","secondary",5,"2008-2009",1.70412888540032
"wasserstein","secondary",5,"2009-2010",3.79738195298881
"wasserstein","secondary",5,"2010-2011",2.35336086814666
"wasserstein","secondary",5,"2011-2012",3.301485687097
"wasserstein","secondary",5,"2012-2013",2.14540645639983
"wasserstein","secondary",5,"2013-2014",0.698428570924613
"wasserstein","secondary",5,"2014-2015",0.81285932739279
"wasserstein","secondary",5,"2015-2016",0.757123491355346
"wasserstein","secondary",5,"2016-2017",0.985849370818719
"wasserstein","secondary",5,"2017-2018",4.57000398025633
"wasserstein","secondary",5,"2018-2019",3.77902094237326
"wasserstein","secondary",5,"2019-2020",2.41057825157737
"wasserstein","secondary",5,"2020-2021",3.81163710384898
"wasserstein","secondary",5,"2021-2022",3.6369394538171
"wasserstein","secondary",5,"2022-2023",3.55974528383291
"wasserstein","secondary",5,"2023-2024",0.898614196692637
"jensen_shannon","exploratory",5,"2006-2007",0.0208061797173713
"jensen_shannon","exploratory",5,"2007-2008",0.0376860623704296
"jensen_shannon","exploratory",5,"2008-2009",0.011100271526833
"jensen_shannon","exploratory",5,"2009-2010",0.0239453955382994
"jensen_shannon","exploratory",5,"2010-2011",0.0102674351646052
"jensen_shannon","exploratory",5,"2011-2012",0.00954066225827377
"jensen_shannon","exploratory",5,"2012-2013",0.0121623183805505
"jensen_shannon","exploratory",5,"2013-2014",0.0144908622145906
"jensen_shannon","exploratory",5,"2014-2015",0.0130809181162711
"jensen_shannon","exploratory",5,"2015-2016",0.029880004805093
"jensen_shannon","exploratory",5,"2016-2017",0.0321748964927029
"jensen_shannon","exploratory",5,"2017-2018",0.10396340940931
"jensen_shannon","exploratory",5,"2018-2019",0.0847098340463313
"jensen_shannon","exploratory",5,"2019-2020",0.0415381283733772
"jensen_shannon","exploratory",5,"2020-2021",0.0810663157883086
"jensen_shannon","exploratory",5,"2021-2022",0.0555717457310464
"jensen_shannon","exploratory",5,"2022-2023",0.0293531197697841
"jensen_shannon","exploratory",5,"2023-2024",0.0123100904257851
"total_variation","exploratory",5,"2006-2007",0.0911258286322147
"total_variation","exploratory",5,"2007-2008",0.137604948867833
"total_variation","exploratory",5,"2008-2009",0.0700405028784232
"total_variation","exploratory",5,"2009-2010",0.119610433190107
"total_variation","exploratory",5,"2010-2011",0.078039268422103
"total_variation","exploratory",5,"2011-2012",0.0741731873722563
"total_variation","exploratory",5,"2012-2013",0.0793683914247197
"total_variation","exploratory",5,"2013-2014",0.0826168776935432
"total_variation","exploratory",5,"2014-2015",0.0725510933121562
"total_variation","exploratory",5,"2015-2016",0.0963060151354837
"total_variation","exploratory",5,"2016-2017",0.111969590252433
"total_variation","exploratory",5,"2017-2018",0.269180217353549
"total_variation","exploratory",5,"2018-2019",0.217419509173089
"total_variation","exploratory",5,"2019-2020",0.136507414000202
"total_variation","exploratory",5,"2020-2021",0.253826445680742
"total_variation","exploratory",5,"2021-2022",0.206635033089812
"total_variation","exploratory",5,"2022-2023",0.115477043009648
"total_variation","exploratory",5,"2023-2024",0.0518192637307388
"frobenius","primary",6,"2006-2007",55.3815621795661
"frobenius","primary",6,"2007-2008",45.8068770286801
"frobenius","primary",6,"2008-2009",34.4128079063133
"frobenius","primary",6,"2009-2010",66.4326367030856
"frobenius","primary",6,"2010-2011",28.6535901567364
"frobenius","primary",6,"2011-2012",96.4592905299642
"frobenius","primary",6,"2012-2013",66.0874574881191
"frobenius","primary",6,"2013-2014",53.7191605519365
"frobenius","primary",6,"2014-2015",29.1250340274466
"frobenius","primary",6,"2015-2016",38.0273675238116
"frobenius","primary",6,"2016-2017",52.6502588678826
"frobenius","primary",6,"2017-2018",105.7393052544
"frobenius","primary",6,"2018-2019",75.4940663369866
"frobenius","primary",6,"2019-2020",47.3408140629337
"frobenius","primary",6,"2020-2021",74.6257964444346
"frobenius","primary",6,"2021-2022",42.6540980861058
"frobenius","primary",6,"2022-2023",94.5534910888799
"frobenius","primary",6,"2023-2024",56.4081861074092
"cut","primary",6,"2006-2007",3.3083317461276
"cut","primary",6,"2007-2008",2.71936473786969
"cut","primary",6,"2008-2009",2.13965017687061
"cut","primary",6,"2009-2010",3.03953914006562
"cut","primary",6,"2010-2011",1.24864413178814
"cut","primary",6,"2011-2012",3.1981755899129
"cut","primary",6,"2012-2013",2.53633675764158
"cut","primary",6,"2013-2014",3.05074185953453
"cut","primary",6,"2014-2015",1.02234749235548
"cut","primary",6,"2015-2016",2.7196678919475
"cut","primary",6,"2016-2017",1.62674265695419
"cut","primary",6,"2017-2018",3.94307517963057
"cut","primary",6,"2018-2019",2.98160656950769
"cut","primary",6,"2019-2020",3.13850042072826
"cut","primary",6,"2020-2021",2.6654299898262
"cut","primary",6,"2021-2022",2.04778142466128
"cut","primary",6,"2022-2023",5.33386881380445
"cut","primary",6,"2023-2024",3.86068859013946
"wasserstein","secondary",6,"2006-2007",3.277731851327
"wasserstein","secondary",6,"2007-2008",3.42333471926632
"wasserstein","secondary",6,"2008-2009",1.72745602750957
"wasserstein","secondary",6,"2009-2010",2.66886405479602
"wasserstein","secondary",6,"2010-2011",0.887005687338531
"wasserstein","secondary",6,"2011-2012",2.94550857142833
"wasserstein","secondary",6,"2012-2013",2.10658566682349
"wasserstein","secondary",6,"2013-2014",3.3195371204001
"wasserstein","secondary",6,"2014-2015",1.19766845618272
"wasserstein","secondary",6,"2015-2016",3.24811136404888
"wasserstein","secondary",6,"2016-2017",1.40351672123382
"wasserstein","secondary",6,"2017-2018",4.78386525956357
"wasserstein","secondary",6,"2018-2019",4.03887400534701
"wasserstein","secondary",6,"2019-2020",3.18143057621478
"wasserstein","secondary",6,"2020-2021",2.11773113720075
"wasserstein","secondary",6,"2021-2022",1.50046533955618
"wasserstein","secondary",6,"2022-2023",4.59409660216642
"wasserstein","secondary",6,"2023-2024",5.33166382884721
"jensen_shannon","exploratory",6,"2006-2007",0.0595865362624564
"jensen_shannon","exploratory",6,"2007-2008",0.0636560171719865
"jensen_shannon","exploratory",6,"2008-2009",0.011236073185669
"jensen_shannon","exploratory",6,"2009-2010",0.0215444620147197
"jensen_shannon","exploratory",6,"2010-2011",0.0106195901458214
"jensen_shannon","exploratory",6,"2011-2012",0.0126794459550321
"jensen_shannon","exploratory",6,"2012-2013",0.0133983946284883
"jensen_shannon","exploratory",6,"2013-2014",0.0645841722484004
"jensen_shannon","exploratory",6,"2014-2015",0.0146913568655143
"jensen_shannon","exploratory",6,"2015-2016",0.0701295652750641
"jensen_shannon","exploratory",6,"2016-2017",0.0364319029827497
"jensen_shannon","exploratory",6,"2017-2018",0.0863756178369447
"jensen_shannon","exploratory",6,"2018-2019",0.07805509840978
"jensen_shannon","exploratory",6,"2019-2020",0.0427665370650555
"jensen_shannon","exploratory",6,"2020-2021",0.0791423574692535
"jensen_shannon","exploratory",6,"2021-2022",0.0732367122645903
"jensen_shannon","exploratory",6,"2022-2023",0.0614723029524183
"jensen_shannon","exploratory",6,"2023-2024",0.0648389759989182
"total_variation","exploratory",6,"2006-2007",0.251746883493557
"total_variation","exploratory",6,"2007-2008",0.245814134798428
"total_variation","exploratory",6,"2008-2009",0.0680980717664065
"total_variation","exploratory",6,"2009-2010",0.0901159490490615
"total_variation","exploratory",6,"2010-2011",0.0628470849043989
"total_variation","exploratory",6,"2011-2012",0.102628184670371
"total_variation","exploratory",6,"2012-2013",0.0846733877387607
"total_variation","exploratory",6,"2013-2014",0.243091097107947
"total_variation","exploratory",6,"2014-2015",0.0887088197916594
"total_variation","exploratory",6,"2015-2016",0.246240753954206
"total_variation","exploratory",6,"2016-2017",0.138520165176264
"total_variation","exploratory",6,"2017-2018",0.270111414618926
"total_variation","exploratory",6,"2018-2019",0.242191275446994
"total_variation","exploratory",6,"2019-2020",0.142229309281284
"total_variation","exploratory",6,"2020-2021",0.221341052500042
"total_variation","exploratory",6,"2021-2022",0.191275308047365
"total_variation","exploratory",6,"2022-2023",0.255360279135681
"total_variation","exploratory",6,"2023-2024",0.280465917928514
"frobenius","primary",8,"2006-2007",57.271342268509
"frobenius","primary",8,"2007-2008",28.3689199366716
"frobenius","primary",8,"2008-2009",43.8527929543768
"frobenius","primary",8,"2009-2010",83.8022928972849
"frobenius","primary",8,"2010-2011",34.6963723046831
"frobenius","primary",8,"2011-2012",106.67533319752
"frobenius","primary",8,"2012-2013",74.6029608686822
"frobenius","primary",8,"2013-2014",58.1016317162122
"frobenius","primary",8,"2014-2015",34.1278500595569
"frobenius","primary",8,"2015-2016",36.4083687971942
"frobenius","primary",8,"2016-2017",56.9207308571836
"frobenius","primary",8,"2017-2018",108.657543607949
"frobenius","primary",8,"2018-2019",78.9811933556121
"frobenius","primary",8,"2019-2020",59.0332870931577
"frobenius","primary",8,"2020-2021",81.0777994883829
"frobenius","primary",8,"2021-2022",46.7118287705476
"frobenius","primary",8,"2022-2023",105.792220227384
"frobenius","primary",8,"2023-2024",56.0533571404491
"cut","primary",8,"2006-2007",3.37096988056226
"cut","primary",8,"2007-2008",1.32289337987063
"cut","primary",8,"2008-2009",3.25564232841732
"cut","primary",8,"2009-2010",4.27898947950831
"cut","primary",8,"2010-2011",1.5703322673686
"cut","primary",8,"2011-2012",4.83521615146103
"cut","primary",8,"2012-2013",4.23448501171381
"cut","primary",8,"2013-2014",3.05370491616912
"cut","primary",8,"2014-2015",1.13219270017019
"cut","primary",8,"2015-2016",1.22136658789828
"cut","primary",8,"2016-2017",2.13923468058149
"cut","primary",8,"2017-2018",3.39700680158984
"cut","primary",8,"2018-2019",2.92758712030003
"cut","primary",8,"2019-2020",3.70201154473837
"cut","primary",8,"2020-2021",2.71736327030962
"cut","primary",8,"2021-2022",2.16489327529431
"cut","primary",8,"2022-2023",5.54992176461825
"cut","primary",8,"2023-2024",2.06698748484845
"wasserstein","secondary",8,"2006-2007",3.63558744670194
"wasserstein","secondary",8,"2007-2008",1.41440874649698
"wasserstein","secondary",8,"2008-2009",3.72068825925873
"wasserstein","secondary",8,"2009-2010",4.35546768026028
"wasserstein","secondary",8,"2010-2011",1.90448520223058
"wasserstein","secondary",8,"2011-2012",4.19860097890073
"wasserstein","secondary",8,"2012-2013",4.40496490087883
"wasserstein","secondary",8,"2013-2014",3.4472722423462
"wasserstein","secondary",8,"2014-2015",1.10983991922515
"wasserstein","secondary",8,"2015-2016",1.6354437711306
"wasserstein","secondary",8,"2016-2017",2.40211312066716
"wasserstein","secondary",8,"2017-2018",3.0675668831259
"wasserstein","secondary",8,"2018-2019",3.06048798676573
"wasserstein","secondary",8,"2019-2020",2.95532225374919
"wasserstein","secondary",8,"2020-2021",2.59126959009493
"wasserstein","secondary",8,"2021-2022",2.59024889798115
"wasserstein","secondary",8,"2022-2023",4.78177256655092
"wasserstein","secondary",8,"2023-2024",2.86727478929001
"jensen_shannon","exploratory",8,"2006-2007",0.063020869406997
"jensen_shannon","exploratory",8,"2007-2008",0.0285678069476531
"jensen_shannon","exploratory",8,"2008-2009",0.045723023225146
"jensen_shannon","exploratory",8,"2009-2010",0.0554148559305898
"jensen_shannon","exploratory",8,"2010-2011",0.012544556128935
"jensen_shannon","exploratory",8,"2011-2012",0.0510248827137729
"jensen_shannon","exploratory",8,"2012-2013",0.0576388130478166
"jensen_shannon","exploratory",8,"2013-2014",0.0665026971732507
"jensen_shannon","exploratory",8,"2014-2015",0.0157514079557453
"jensen_shannon","exploratory",8,"2015-2016",0.01775536595573
"jensen_shannon","exploratory",8,"2016-2017",0.047588729149838
"jensen_shannon","exploratory",8,"2017-2018",0.0870729382669975
"jensen_shannon","exploratory",8,"2018-2019",0.0845298143610977
"jensen_shannon","exploratory",8,"2019-2020",0.0503308946166071
"jensen_shannon","exploratory",8,"2020-2021",0.0716482238414637
"jensen_shannon","exploratory",8,"2021-2022",0.0642818013321135
"jensen_shannon","exploratory",8,"2022-2023",0.0662270077200425
"jensen_shannon","exploratory",8,"2023-2024",0.0187528399355255
"total_variation","exploratory",8,"2006-2007",0.2672208959166
"total_variation","exploratory",8,"2007-2008",0.119014686617077
"total_variation","exploratory",8,"2008-2009",0.211145777010773
"total_variation","exploratory",8,"2009-2010",0.227764018734049
"total_variation","exploratory",8,"2010-2011",0.089376244321029
"total_variation","exploratory",8,"2011-2012",0.233292198414767
"total_variation","exploratory",8,"2012-2013",0.252796778687708
"total_variation","exploratory",8,"2013-2014",0.247155225032013
"total_variation","exploratory",8,"2014-2015",0.0967954999045243
"total_variation","exploratory",8,"2015-2016",0.112037175058203
"total_variation","exploratory",8,"2016-2017",0.211349577352981
"total_variation","exploratory",8,"2017-2018",0.263645987903797
"total_variation","exploratory",8,"2018-2019",0.267636520169813
"total_variation","exploratory",8,"2019-2020",0.220675704719374
"total_variation","exploratory",8,"2020-2021",0.235751263681367
"total_variation","exploratory",8,"2021-2022",0.221894922643672
"total_variation","exploratory",8,"2022-2023",0.283879631071748
"total_variation","exploratory",8,"2023-2024",0.121401936076334
"frobenius","primary",10,"2006-2007",39.9471465851007
"frobenius","primary",10,"2007-2008",47.6469430403754
"frobenius","primary",10,"2008-2009",40.344917787358
"frobenius","primary",10,"2009-2010",83.4247654605437
"frobenius","primary",10,"2010-2011",53.156391171765
"frobenius","primary",10,"2011-2012",104.750989762265
"frobenius","primary",10,"2012-2013",68.7878273837918
"frobenius","primary",10,"2013-2014",51.8996907971913
"frobenius","primary",10,"2014-2015",44.3707000432451
"frobenius","primary",10,"2015-2016",42.5771432108348
"frobenius","primary",10,"2016-2017",57.9602474894084
"frobenius","primary",10,"2017-2018",110.379849991962
"frobenius","primary",10,"2018-2019",77.4577184386206
"frobenius","primary",10,"2019-2020",52.448836402585
"frobenius","primary",10,"2020-2021",80.8674817709482
"frobenius","primary",10,"2021-2022",48.5815836055037
"frobenius","primary",10,"2022-2023",91.8738904733001
"frobenius","primary",10,"2023-2024",40.0055099131636
"cut","primary",10,"2006-2007",1.10368647181422
"cut","primary",10,"2007-2008",2.84165639045456
"cut","primary",10,"2008-2009",2.37692994719809
"cut","primary",10,"2009-2010",4.87656921423555
"cut","primary",10,"2010-2011",2.93901053663591
"cut","primary",10,"2011-2012",4.40426658074727
"cut","primary",10,"2012-2013",3.0681439766838
"cut","primary",10,"2013-2014",1.68453296208692
"cut","primary",10,"2014-2015",2.15582517622663
"cut","primary",10,"2015-2016",2.23564243808338
"cut","primary",10,"2016-2017",2.12800728175043
"cut","primary",10,"2017-2018",3.72085925319037
"cut","primary",10,"2018-2019",2.30627294519014
"cut","primary",10,"2019-2020",2.83208061221445
"cut","primary",10,"2020-2021",2.98430986253942
"cut","primary",10,"2021-2022",2.490665312928
"cut","primary",10,"2022-2023",4.34219961590856
"cut","primary",10,"2023-2024",1.49664293817428
"wasserstein","secondary",10,"2006-2007",1.13379830127448
"wasserstein","secondary",10,"2007-2008",2.85397436900263
"wasserstein","secondary",10,"2008-2009",2.43687889952288
"wasserstein","secondary",10,"2009-2010",4.67389906271693
"wasserstein","secondary",10,"2010-2011",3.07035488887879
"wasserstein","secondary",10,"2011-2012",3.93190085839348
"wasserstein","secondary",10,"2012-2013",2.61375543764333
"wasserstein","secondary",10,"2013-2014",1.55267482259231
"wasserstein","secondary",10,"2014-2015",2.31666897615448
"wasserstein","secondary",10,"2015-2016",2.14521042667432
"wasserstein","secondary",10,"2016-2017",2.52642173065666
"wasserstein","secondary",10,"2017-2018",3.42411739339504
"wasserstein","secondary",10,"2018-2019",2.00614781553799
"wasserstein","secondary",10,"2019-2020",2.64639152052273
"wasserstein","secondary",10,"2020-2021",2.40014140688903
"wasserstein","secondary",10,"2021-2022",1.85337489590991
"wasserstein","secondary",10,"2022-2023",3.71787725066516
"wasserstein","secondary",10,"2023-2024",1.49802638188316
"jensen_shannon","exploratory",10,"2006-2007",0.0100803140128942
"jensen_shannon","exploratory",10,"2007-2008",0.0630545219289572
"jensen_shannon","exploratory",10,"2008-2009",0.0226927995976084
"jensen_shannon","exploratory",10,"2009-2010",0.0635761099440821
"jensen_shannon","exploratory",10,"2010-2011",0.0380023364465529
"jensen_shannon","exploratory",10,"2011-2012",0.0337536458380472
"jensen_shannon","exploratory",10,"2012-2013",0.0276292034859783
"jensen_shannon","exploratory",10,"2013-2014",0.0239471429755694
"jensen_shannon","exploratory",10,"2014-2015",0.038154250293165
"jensen_shannon","exploratory",10,"2015-2016",0.0391719507684069
"jensen_shannon","exploratory",10,"2016-2017",0.0502329942886328
"jensen_shannon","exploratory",10,"2017-2018",0.0753229745463826
"jensen_shannon","exploratory",10,"2018-2019",0.058507897677719
"jensen_shannon","exploratory",10,"2019-2020",0.0449382981024636
"jensen_shannon","exploratory",10,"2020-2021",0.0878627370231187
"jensen_shannon","exploratory",10,"2021-2022",0.0691714161176149
"jensen_shannon","exploratory",10,"2022-2023",0.0238032815798604
"jensen_shannon","exploratory",10,"2023-2024",0.019616937884204
"total_variation","exploratory",10,"2006-2007",0.0804395716121221
"total_variation","exploratory",10,"2007-2008",0.252174578424377
"total_variation","exploratory",10,"2008-2009",0.126096169591281
"total_variation","exploratory",10,"2009-2010",0.257814528657979
"total_variation","exploratory",10,"2010-2011",0.182332977520574
"total_variation","exploratory",10,"2011-2012",0.181327659594348
"total_variation","exploratory",10,"2012-2013",0.134164773317659
"total_variation","exploratory",10,"2013-2014",0.122953449082945
"total_variation","exploratory",10,"2014-2015",0.206484583933997
"total_variation","exploratory",10,"2015-2016",0.198810270915927
"total_variation","exploratory",10,"2016-2017",0.224875275115902
"total_variation","exploratory",10,"2017-2018",0.247561111598648
"total_variation","exploratory",10,"2018-2019",0.197994376065892
"total_variation","exploratory",10,"2019-2020",0.202880805240162
"total_variation","exploratory",10,"2020-2021",0.277619763869131
"total_variation","exploratory",10,"2021-2022",0.219166753423127
"total_variation","exploratory",10,"2022-2023",0.138908793945476
"total_variation","exploratory",10,"2023-2024",0.107777601472086
"frobenius","primary",13,"2006-2007",46.5530193445947
"frobenius","primary",13,"2007-2008",38.2505948938675
"frobenius","primary",13,"2008-2009",47.4415183593281
"frobenius","primary",13,"2009-2010",79.9519476569507
"frobenius","primary",13,"2010-2011",28.0626603929784
"frobenius","primary",13,"2011-2012",102.421170209842
"frobenius","primary",13,"2012-2013",67.8222871755176
"frobenius","primary",13,"2013-2014",49.5169235074633
"frobenius","primary",13,"2014-2015",42.8757619122944
"frobenius","primary",13,"2015-2016",42.2759687833034
"frobenius","primary",13,"2016-2017",51.9901034296172
"frobenius","primary",13,"2017-2018",110.50797700582
"frobenius","primary",13,"2018-2019",81.0963740943513
"frobenius","primary",13,"2019-2020",55.9149899194098
"frobenius","primary",13,"2020-2021",82.8809721181254
"frobenius","primary",13,"2021-2022",47.0869859640381
"frobenius","primary",13,"2022-2023",91.9848231768275
"frobenius","primary",13,"2023-2024",40.4370781130069
"cut","primary",13,"2006-2007",1.67232363334334
"cut","primary",13,"2007-2008",1.90558860847616
"cut","primary",13,"2008-2009",2.67222614826844
"cut","primary",13,"2009-2010",3.39663526020919
"cut","primary",13,"2010-2011",1.19588861008718
"cut","primary",13,"2011-2012",3.6093172679565
"cut","primary",13,"2012-2013",2.49435948262693
"cut","primary",13,"2013-2014",1.34198029786814
"cut","primary",13,"2014-2015",1.85683233741823
"cut","primary",13,"2015-2016",1.96852496520125
"cut","primary",13,"2016-2017",1.67904243437273
"cut","primary",13,"2017-2018",3.54581502865151
"cut","primary",13,"2018-2019",2.82175656513354
"cut","primary",13,"2019-2020",2.94946810812116
"cut","primary",13,"2020-2021",2.49970801485637
"cut","primary",13,"2021-2022",1.83951620958373
"cut","primary",13,"2022-2023",4.3274823836433
"cut","primary",13,"2023-2024",1.59956666758103
"wasserstein","secondary",13,"2006-2007",2.13095400164695
"wasserstein","secondary",13,"2007-2008",1.77008686937299
"wasserstein","secondary",13,"2008-2009",2.47813910853726
"wasserstein","secondary",13,"2009-2010",2.87176626018721
"wasserstein","secondary",13,"2010-2011",1.28353620142573
"wasserstein","secondary",13,"2011-2012",3.16513973130538
"wasserstein","secondary",13,"2012-2013",2.18096968578867
"wasserstein","secondary",13,"2013-2014",1.24250419266249
"wasserstein","secondary",13,"2014-2015",1.80229840794847
"wasserstein","secondary",13,"2015-2016",1.87812809145881
"wasserstein","secondary",13,"2016-2017",1.51205077685182
"wasserstein","secondary",13,"2017-2018",2.77637129814272
"wasserstein","secondary",13,"2018-2019",1.99274396192175
"wasserstein","secondary",13,"2019-2020",2.54399317615294
"wasserstein","secondary",13,"2020-2021",2.1211765290558
"wasserstein","secondary",13,"2021-2022",1.44221896857849
"wasserstein","secondary",13,"2022-2023",3.72696885624307
"wasserstein","secondary",13,"2023-2024",1.56913488485317
"jensen_shannon","exploratory",13,"2006-2007",0.0194034327424198
"jensen_shannon","exploratory",13,"2007-2008",0.0425606368315088
"jensen_shannon","exploratory",13,"2008-2009",0.0230218183591774
"jensen_shannon","exploratory",13,"2009-2010",0.0452793067457624
"jensen_shannon","exploratory",13,"2010-2011",0.00864172891748032
"jensen_shannon","exploratory",13,"2011-2012",0.0362354003604739
"jensen_shannon","exploratory",13,"2012-2013",0.0127903699220392
"jensen_shannon","exploratory",13,"2013-2014",0.0140774058387308
"jensen_shannon","exploratory",13,"2014-2015",0.0376289180476423
"jensen_shannon","exploratory",13,"2015-2016",0.0441109641721904
"jensen_shannon","exploratory",13,"2016-2017",0.0275505660987153
"jensen_shannon","exploratory",13,"2017-2018",0.0732741738040717
"jensen_shannon","exploratory",13,"2018-2019",0.0710799991287004
"jensen_shannon","exploratory",13,"2019-2020",0.0484978572206507
"jensen_shannon","exploratory",13,"2020-2021",0.078706504280417
"jensen_shannon","exploratory",13,"2021-2022",0.0436285716850341
"jensen_shannon","exploratory",13,"2022-2023",0.0249023261520948
"jensen_shannon","exploratory",13,"2023-2024",0.0199707808254271
"total_variation","exploratory",13,"2006-2007",0.134068806801216
"total_variation","exploratory",13,"2007-2008",0.175279139518281
"total_variation","exploratory",13,"2008-2009",0.135445419085682
"total_variation","exploratory",13,"2009-2010",0.199439002314351
"total_variation","exploratory",13,"2010-2011",0.074974902373587
"total_variation","exploratory",13,"2011-2012",0.180579542496976
"total_variation","exploratory",13,"2012-2013",0.0866775640891647
"total_variation","exploratory",13,"2013-2014",0.0953209631664214
"total_variation","exploratory",13,"2014-2015",0.188155531827147
"total_variation","exploratory",13,"2015-2016",0.204916836209693
"total_variation","exploratory",13,"2016-2017",0.147909911601682
"total_variation","exploratory",13,"2017-2018",0.257994262001578
"total_variation","exploratory",13,"2018-2019",0.253165269595028
"total_variation","exploratory",13,"2019-2020",0.215923288332785
"total_variation","exploratory",13,"2020-2021",0.254141204059044
"total_variation","exploratory",13,"2021-2022",0.165922071187727
"total_variation","exploratory",13,"2022-2023",0.146122563724617
"total_variation","exploratory",13,"2023-2024",0.11703537695372
