"scenario","scenario_label","effect_label","effect","family","scale","channel","replicates","calibrated_detection_rate","mean_score","median_score","score_q025","score_q975","null_threshold_95"
"density_shift","Global density shift","large",1,"structural roles","label-invariant partition","estimated_role_instability",200,0.005,0.89601462701731,0.901358854042002,0.795386697649192,0.977235198733173,0.991691287431846
"density_shift","Global density shift","large",1,"fitted-kernel distance","raw weighted scale","graphon_cut_raw",200,1,1.01293754476323,1.01125000000001,0.945335783148192,1.09024257254463,0.217562537442136
"density_shift","Global density shift","large",1,"fitted-kernel distance","unit-mean shape","graphon_cut_shape",200,0,0.138082423750368,0.138762747460222,0.116715862660845,0.160352001081693,0.175316396283842
"density_shift","Global density shift","large",1,"fitted-kernel distance","raw weighted scale","graphon_frobenius_raw",200,1,1.30457265883832,1.29691796110046,1.19551740235201,1.44819677437653,0.660067728143905
"density_shift","Global density shift","large",1,"fitted-kernel distance","unit-mean shape","graphon_frobenius_shape",200,0.005,0.471425011354216,0.470299024038736,0.402406289561421,0.565360223707496,0.577920598282863
"density_shift","Global density shift","large",1,"fitted-kernel distance","raw weighted scale","graphon_wasserstein_raw",200,1,1.01103113017098,1.009296875,0.94146589285715,1.08759375000002,0.169874751219579
"density_shift","Global density shift","large",1,"fitted-kernel distance","unit-mean shape","graphon_wasserstein_shape",200,0.04,0.104870576084921,0.10432468753425,0.0657751818807578,0.148699548754858,0.147092610054326
"density_shift","Global density shift","large",1,"conventional indicator","native indicator scale","indicator_binary_transitivity",200,1,0.268780146947383,0.268374553171491,0.248395984022215,0.29168028566153,0.0239801659950453
"density_shift","Global density shift","large",1,"conventional indicator","native indicator scale","indicator_edge_density",200,1,0.240075158227848,0.240110759493671,0.225621044303798,0.255882120253165,0.0159889240506329
"density_shift","Global density shift","large",1,"conventional indicator","native indicator scale","indicator_effective_destinations",200,0.22,0.0148962788025866,0.0145314731754977,0.0013420440624609,0.0317959862661295,0.0212173104812073
"density_shift","Global density shift","large",1,"conventional indicator","native indicator scale","indicator_in_strength_gini",200,0.2,0.0234329461697444,0.0225896679804931,0.0016905092385364,0.0484627608484665,0.0340800096386451
"density_shift","Global density shift","large",1,"conventional indicator","native indicator scale","indicator_out_strength_gini",200,0.385,0.0284484263396529,0.0285671213808255,0.00331067107587092,0.0532766372518997,0.0326812569457221
"density_shift","Global density shift","large",1,"conventional indicator","native indicator scale","indicator_top10_destination_share",200,0.125,0.0119693529884916,0.0106155773237806,0.000714420200443999,0.0304628866799642,0.0218795240206667
"density_shift","Global density shift","large",1,"conventional indicator","native indicator scale","indicator_total_weight",200,1,0.64180929530373,0.639659440896056,0.59305727657874,0.695094222386889,0.0710006686478987
"density_shift","Global density shift","large",1,"conventional indicator","native indicator scale","indicator_weighted_reciprocity",200,1,0.207179263964887,0.207276229580405,0.175112217662376,0.235413938320138,0.0380365767076742
"density_shift","Global density shift","large",1,"adjacency benchmark","raw weighted scale","singular_spectrum_raw",200,1,29.8706257621515,29.8718757397332,27.4605357393176,33.2354344627196,4.09260438547839
"density_shift","Global density shift","large",1,"adjacency benchmark","unit-mean shape","singular_spectrum_shape",200,1,12.2629200545129,12.16922597249,10.9707751025908,13.9179417291595,2.86333377600237
"density_shift","Global density shift","medium",0.5,"structural roles","label-invariant partition","estimated_role_instability",200,0.035,0.913353057630816,0.918498222538602,0.821104311944865,0.994030350585434,0.991691287431846
"density_shift","Global density shift","medium",0.5,"fitted-kernel distance","raw weighted scale","graphon_cut_raw",200,1,0.534838149916162,0.532531924636416,0.467893496771644,0.605946655082618,0.217562537442136
"density_shift","Global density shift","medium",0.5,"fitted-kernel distance","unit-mean shape","graphon_cut_shape",200,0.005,0.144298906396471,0.144989547126231,0.124060686712775,0.166898220291344,0.175316396283842
"density_shift","Global density shift","medium",0.5,"fitted-kernel distance","raw weighted scale","graphon_frobenius_raw",200,1,0.848297928475749,0.853009963744902,0.756796696381339,0.963679200176803,0.660067728143905
"density_shift","Global density shift","medium",0.5,"fitted-kernel distance","unit-mean shape","graphon_frobenius_shape",200,0.015,0.48401369267408,0.481243059376178,0.421865523922014,0.561178815516378,0.577920598282863
"density_shift","Global density shift","medium",0.5,"fitted-kernel distance","raw weighted scale","graphon_wasserstein_raw",200,1,0.509086781147394,0.50988029958996,0.429464843750007,0.583163519021732,0.169874751219579
"density_shift","Global density shift","medium",0.5,"fitted-kernel distance","unit-mean shape","graphon_wasserstein_shape",200,0.065,0.105098412947716,0.103961467385853,0.0638629273375198,0.163680268281453,0.147092610054326
"density_shift","Global density shift","medium",0.5,"conventional indicator","native indicator scale","indicator_binary_transitivity",200,1,0.150308143856442,0.149585592893101,0.127344895151144,0.175866409440195,0.0239801659950453
"density_shift","Global density shift","medium",0.5,"conventional indicator","native indicator scale","indicator_edge_density",200,1,0.119861550632911,0.11993670886076,0.106000791139241,0.134339398734177,0.0159889240506329
"density_shift","Global density shift","medium",0.5,"conventional indicator","native indicator scale","indicator_effective_destinations",200,0.085,0.0106586311805768,0.00885007452645103,0.000621810634348408,0.0290237686600608,0.0212173104812073
"density_shift","Global density shift","medium",0.5,"conventional indicator","native indicator scale","indicator_in_strength_gini",200,0.1,0.0167702424787716,0.0137660666650975,0.00128763832393921,0.0441901507140772,0.0340800096386451
"density_shift","Global density shift","medium",0.5,"conventional indicator","native indicator scale","indicator_out_strength_gini",200,0.17,0.0197722632402006,0.0178002862849121,0.00153830373614939,0.0459613780207237,0.0326812569457221
"density_shift","Global density shift","medium",0.5,"conventional indicator","native indicator scale","indicator_top10_destination_share",200,0.08,0.00955168493178648,0.00825269914462981,0.000341310579001106,0.0251371606865137,0.0218795240206667
"density_shift","Global density shift","medium",0.5,"conventional indicator","native indicator scale","indicator_total_weight",200,1,0.371583120979579,0.372312600123914,0.310945596650146,0.425345907821836,0.0710006686478987
"density_shift","Global density shift","medium",0.5,"conventional indicator","native indicator scale","indicator_weighted_reciprocity",200,1,0.104311728708651,0.103904045079308,0.074753286830406,0.134316881617299,0.0380365767076742
"density_shift","Global density shift","medium",0.5,"adjacency benchmark","raw weighted scale","singular_spectrum_raw",200,1,15.1537138738392,15.1072433465469,11.3873460756051,18.085424650507,4.09260438547839
"density_shift","Global density shift","medium",0.5,"adjacency benchmark","unit-mean shape","singular_spectrum_shape",200,1,7.4586150002364,7.37011847463114,6.19001756249884,8.7817199728395,2.86333377600237
"density_shift","Global density shift","small",0.25,"structural roles","label-invariant partition","estimated_role_instability",200,0.025,0.929443175363948,0.934432149939224,0.846749461584199,0.990635423408883,0.991691287431846
"density_shift","Global density shift","small",0.25,"fitted-kernel distance","raw weighted scale","graphon_cut_raw",200,1,0.330314745767256,0.325761427358731,0.27963163470918,0.397659463048813,0.217562537442136
"density_shift","Global density shift","small",0.25,"fitted-kernel distance","unit-mean shape","graphon_cut_shape",200,0.01,0.148499512129535,0.148474183363945,0.125546659331441,0.170835713999118,0.175316396283842
"density_shift","Global density shift","small",0.25,"fitted-kernel distance","raw weighted scale","graphon_frobenius_raw",200,0.505,0.664315672781146,0.660564639723118,0.574315587495605,0.786852265101966,0.660067728143905
"density_shift","Global density shift","small",0.25,"fitted-kernel distance","unit-mean shape","graphon_frobenius_shape",200,0.02,0.485873343235738,0.481088073305708,0.412507338680998,0.574803930938067,0.577920598282863
"density_shift","Global density shift","small",0.25,"fitted-kernel distance","raw weighted scale","graphon_wasserstein_raw",200,1,0.269770889189979,0.267177508968721,0.201509019647765,0.345517582991794,0.169874751219579
"density_shift","Global density shift","small",0.25,"fitted-kernel distance","unit-mean shape","graphon_wasserstein_shape",200,0.03,0.101556386213582,0.097827290626579,0.0665936606329207,0.148285781143412,0.147092610054326
"density_shift","Global density shift","small",0.25,"conventional indicator","native indicator scale","indicator_binary_transitivity",200,1,0.0801919670596273,0.0820230394157828,0.0564797206009249,0.10229868446947,0.0239801659950453
"density_shift","Global density shift","small",0.25,"conventional indicator","native indicator scale","indicator_edge_density",200,1,0.060557753164557,0.0606012658227848,0.0442879746835443,0.0745530063291139,0.0159889240506329
"density_shift","Global density shift","small",0.25,"conventional indicator","native indicator scale","indicator_effective_destinations",200,0.065,0.00913427632241374,0.00781056716071982,0.00045099188110449,0.027198468778997,0.0212173104812073
"density_shift","Global density shift","small",0.25,"conventional indicator","native indicator scale","indicator_in_strength_gini",200,0.055,0.0145996051105854,0.0130436459972137,0.000505767963819209,0.0454562408827532,0.0340800096386451
"density_shift","Global density shift","small",0.25,"conventional indicator","native indicator scale","indicator_out_strength_gini",200,0.085,0.0149275801021866,0.0131184564690615,0.000614161430693583,0.0422132694687249,0.0326812569457221
"density_shift","Global density shift","small",0.25,"conventional indicator","native indicator scale","indicator_top10_destination_share",200,0.06,0.00932714635977052,0.00823038884558111,0.000420002973244365,0.0268828380498026,0.0218795240206667
"density_shift","Global density shift","small",0.25,"conventional indicator","native indicator scale","indicator_total_weight",200,1,0.205140767100685,0.203725161311851,0.146482531720644,0.264769323425725,0.0710006686478987
"density_shift","Global density shift","small",0.25,"conventional indicator","native indicator scale","indicator_weighted_reciprocity",200,0.82,0.0542815205358204,0.0536517513644795,0.0232708773284458,0.0836159504681955,0.0380365767076742
"density_shift","Global density shift","small",0.25,"adjacency benchmark","raw weighted scale","singular_spectrum_raw",200,0.99,7.90364942871472,7.76051137368561,4.91584629202475,10.9855578514423,4.09260438547839
"density_shift","Global density shift","small",0.25,"adjacency benchmark","unit-mean shape","singular_spectrum_shape",200,0.975,4.3695045917571,4.38066832481132,2.87767071146905,6.08034958334611,2.86333377600237
"destination_attraction","Destination-attraction shock","large",1,"structural roles","label-invariant partition","estimated_role_instability",200,0.12,0.952476983145163,0.9590163114596,0.863652868008395,1.00752289984712,0.991691287431846
"destination_attraction","Destination-attraction shock","large",1,"fitted-kernel distance","raw weighted scale","graphon_cut_raw",200,1,0.920294698450975,0.919643898985176,0.812450905584814,1.02502979757871,0.217562537442136
"destination_attraction","Destination-attraction shock","large",1,"fitted-kernel distance","unit-mean shape","graphon_cut_shape",200,1,0.317452974486324,0.31753499788636,0.288536353312909,0.35040083465151,0.175316396283842
"destination_attraction","Destination-attraction shock","large",1,"fitted-kernel distance","raw weighted scale","graphon_frobenius_raw",200,1,2.44458535760863,2.42484700489437,2.12613186189932,2.8424650759428,0.660067728143905
"destination_attraction","Destination-attraction shock","large",1,"fitted-kernel distance","unit-mean shape","graphon_frobenius_shape",200,1,1.19674372671735,1.18896149490194,1.06235517783774,1.35831569715135,0.577920598282863
"destination_attraction","Destination-attraction shock","large",1,"fitted-kernel distance","raw weighted scale","graphon_wasserstein_raw",200,1,0.83697617973873,0.833715087700156,0.725440696204576,0.940291338977387,0.169874751219579
"destination_attraction","Destination-attraction shock","large",1,"fitted-kernel distance","unit-mean shape","graphon_wasserstein_shape",200,1,0.450946086309151,0.449076925258643,0.375757814235508,0.531912835676356,0.147092610054326
"destination_attraction","Destination-attraction shock","large",1,"conventional indicator","native indicator scale","indicator_binary_transitivity",200,1,0.0703336245218724,0.0703883731336417,0.0492140010370584,0.0944272438085349,0.0239801659950453
"destination_attraction","Destination-attraction shock","large",1,"conventional indicator","native indicator scale","indicator_edge_density",200,1,0.045440664556962,0.0451740506329114,0.0317840189873418,0.0604786392405063,0.0159889240506329
"destination_attraction","Destination-attraction shock","large",1,"conventional indicator","native indicator scale","indicator_effective_destinations",200,1,0.240632203071021,0.240825975770656,0.189272079994131,0.29724333847523,0.0212173104812073
"destination_attraction","Destination-attraction shock","large",1,"conventional indicator","native indicator scale","indicator_in_strength_gini",200,1,0.221653270951022,0.222680762398324,0.184567476739399,0.261228437871616,0.0340800096386451
"destination_attraction","Destination-attraction shock","large",1,"conventional indicator","native indicator scale","indicator_out_strength_gini",200,0.995,0.0766017719129242,0.0758682259318672,0.038547293216356,0.112144209345548,0.0326812569457221
"destination_attraction","Destination-attraction shock","large",1,"conventional indicator","native indicator scale","indicator_top10_destination_share",200,1,0.148775891583884,0.149243871468545,0.111880424768193,0.18823039406421,0.0218795240206667
"destination_attraction","Destination-attraction shock","large",1,"conventional indicator","native indicator scale","indicator_total_weight",200,1,0.544751575768895,0.547238523205722,0.478213360785978,0.607328049847547,0.0710006686478987
"destination_attraction","Destination-attraction shock","large",1,"conventional indicator","native indicator scale","indicator_weighted_reciprocity",200,0.99,0.0890764307388857,0.090014331082901,0.0557829144076436,0.123813655118383,0.0380365767076742
"destination_attraction","Destination-attraction shock","large",1,"adjacency benchmark","raw weighted scale","singular_spectrum_raw",200,1,52.8284174806895,52.2576744407216,43.1795681108005,63.5243382165995,4.09260438547839
"destination_attraction","Destination-attraction shock","large",1,"adjacency benchmark","unit-mean shape","singular_spectrum_shape",200,1,13.8095941579993,13.7294862830801,10.9161036760269,17.0230692219722,2.86333377600237
"destination_attraction","Destination-attraction shock","medium",0.5,"structural roles","label-invariant partition","estimated_role_instability",200,0.04,0.942682078940683,0.951093971513348,0.847017307522869,1.00471943149233,0.991691287431846
"destination_attraction","Destination-attraction shock","medium",0.5,"fitted-kernel distance","raw weighted scale","graphon_cut_raw",200,1,0.464953504565643,0.465380029260047,0.400446130678994,0.540402386046208,0.217562537442136
"destination_attraction","Destination-attraction shock","medium",0.5,"fitted-kernel distance","unit-mean shape","graphon_cut_shape",200,0.99,0.218120380646247,0.218139116567661,0.185513960154371,0.248620666930824,0.175316396283842
"destination_attraction","Destination-attraction shock","medium",0.5,"fitted-kernel distance","raw weighted scale","graphon_frobenius_raw",200,1,1.22335937614473,1.21212421598878,0.984969554106433,1.5356284449032,0.660067728143905
"destination_attraction","Destination-attraction shock","medium",0.5,"fitted-kernel distance","unit-mean shape","graphon_frobenius_shape",200,1,0.818563395863632,0.81190972232427,0.679675445050518,0.974507952482108,0.577920598282863
"destination_attraction","Destination-attraction shock","medium",0.5,"fitted-kernel distance","raw weighted scale","graphon_wasserstein_raw",200,1,0.37565084085444,0.372405952022103,0.301019265909636,0.454043813128098,0.169874751219579
"destination_attraction","Destination-attraction shock","medium",0.5,"fitted-kernel distance","unit-mean shape","graphon_wasserstein_shape",200,1,0.240935633168793,0.236667402492577,0.16299331336163,0.325856097776506,0.147092610054326
"destination_attraction","Destination-attraction shock","medium",0.5,"conventional indicator","native indicator scale","indicator_binary_transitivity",200,0.835,0.0353770858216811,0.0356994584436619,0.0130699781136578,0.0585170133035038,0.0239801659950453
"destination_attraction","Destination-attraction shock","medium",0.5,"conventional indicator","native indicator scale","indicator_edge_density",200,0.81,0.0227721518987342,0.0230221518987342,0.00791139240506328,0.0386155063291139,0.0159889240506329
"destination_attraction","Destination-attraction shock","medium",0.5,"conventional indicator","native indicator scale","indicator_effective_destinations",200,1,0.0919583604900909,0.0913115002895597,0.0540027289958922,0.137454868157958,0.0212173104812073
"destination_attraction","Destination-attraction shock","medium",0.5,"conventional indicator","native indicator scale","indicator_in_strength_gini",200,1,0.108479902482452,0.109461837733622,0.0702412770938096,0.144451259551945,0.0340800096386451
"destination_attraction","Destination-attraction shock","medium",0.5,"conventional indicator","native indicator scale","indicator_out_strength_gini",200,0.455,0.0317412039045387,0.0310907526922264,0.0022926560654751,0.0670485859878565,0.0326812569457221
"destination_attraction","Destination-attraction shock","medium",0.5,"conventional indicator","native indicator scale","indicator_top10_destination_share",200,1,0.0712992210567194,0.0724304100474249,0.0420744726004085,0.106648416670385,0.0218795240206667
"destination_attraction","Destination-attraction shock","medium",0.5,"conventional indicator","native indicator scale","indicator_total_weight",200,1,0.26777209073092,0.267069531632937,0.21097826387784,0.324703855484265,0.0710006686478987
"destination_attraction","Destination-attraction shock","medium",0.5,"conventional indicator","native indicator scale","indicator_weighted_reciprocity",200,0.565,0.0403465474649489,0.040433072784327,0.00689054318466412,0.075098142238104,0.0380365767076742
"destination_attraction","Destination-attraction shock","medium",0.5,"adjacency benchmark","raw weighted scale","singular_spectrum_raw",200,1,20.8573919768922,20.7599810879555,14.9991534136519,28.2953689618297,4.09260438547839
"destination_attraction","Destination-attraction shock","medium",0.5,"adjacency benchmark","unit-mean shape","singular_spectrum_shape",200,1,6.16843354547355,5.92901370181327,3.89689405358329,9.21158915664355,2.86333377600237
"destination_attraction","Destination-attraction shock","small",0.25,"structural roles","label-invariant partition","estimated_role_instability",200,0.065,0.933321472382141,0.939016240887811,0.81264966766641,0.998011852776726,0.991691287431846
"destination_attraction","Destination-attraction shock","small",0.25,"fitted-kernel distance","raw weighted scale","graphon_cut_raw",200,0.995,0.29321726190325,0.295705977233226,0.239174952253297,0.354831927107137,0.217562537442136
"destination_attraction","Destination-attraction shock","small",0.25,"fitted-kernel distance","unit-mean shape","graphon_cut_shape",200,0.575,0.176466883148129,0.177705421096257,0.149037597951608,0.203568496193488,0.175316396283842
"destination_attraction","Destination-attraction shock","small",0.25,"fitted-kernel distance","raw weighted scale","graphon_frobenius_raw",200,0.955,0.786119226257996,0.778176884053438,0.649209762614203,0.955818987530793,0.660067728143905
"destination_attraction","Destination-attraction shock","small",0.25,"fitted-kernel distance","unit-mean shape","graphon_frobenius_shape",200,0.75,0.618415767882076,0.616364056708897,0.51513170710724,0.743729586046032,0.577920598282863
"destination_attraction","Destination-attraction shock","small",0.25,"fitted-kernel distance","raw weighted scale","graphon_wasserstein_raw",200,0.9,0.210281065217772,0.209056768131444,0.15343181785019,0.275971792723651,0.169874751219579
"destination_attraction","Destination-attraction shock","small",0.25,"fitted-kernel distance","unit-mean shape","graphon_wasserstein_shape",200,0.52,0.147236740170141,0.149457257827175,0.0939693959940858,0.203243416965418,0.147092610054326
"destination_attraction","Destination-attraction shock","small",0.25,"conventional indicator","native indicator scale","indicator_binary_transitivity",200,0.28,0.0180720961885191,0.0170504800828967,0.001967664807147,0.0407274624447446,0.0239801659950453
"destination_attraction","Destination-attraction shock","small",0.25,"conventional indicator","native indicator scale","indicator_edge_density",200,0.25,0.0115071202531646,0.0113924050632911,0.00125791139240507,0.0256487341772152,0.0159889240506329
"destination_attraction","Destination-attraction shock","small",0.25,"conventional indicator","native indicator scale","indicator_effective_destinations",200,0.85,0.0353601519566465,0.0332612892571498,0.00960083777551104,0.062401159232575,0.0212173104812073
"destination_attraction","Destination-attraction shock","small",0.25,"conventional indicator","native indicator scale","indicator_in_strength_gini",200,0.765,0.0477642833621773,0.0451159112332699,0.0118684601780347,0.0831743815199077,0.0340800096386451
"destination_attraction","Destination-attraction shock","small",0.25,"conventional indicator","native indicator scale","indicator_out_strength_gini",200,0.1,0.0165574845887158,0.0154431811017045,0.00056037461118309,0.0445619802099161,0.0326812569457221
"destination_attraction","Destination-attraction shock","small",0.25,"conventional indicator","native indicator scale","indicator_top10_destination_share",200,0.695,0.0286924687242606,0.0276841827169649,0.00411954547752207,0.0570617514872012,0.0218795240206667
"destination_attraction","Destination-attraction shock","small",0.25,"conventional indicator","native indicator scale","indicator_total_weight",200,0.975,0.131922385799739,0.134433822958534,0.0717579779860974,0.198600591421145,0.0710006686478987
"destination_attraction","Destination-attraction shock","small",0.25,"conventional indicator","native indicator scale","indicator_weighted_reciprocity",200,0.115,0.0203887599788338,0.0186027207982201,0.00108534103691832,0.0520853758343547,0.0380365767076742
"destination_attraction","Destination-attraction shock","small",0.25,"adjacency benchmark","raw weighted scale","singular_spectrum_raw",200,0.99,9.27636899598307,9.23159210000022,5.22683766003669,14.2267271515134,4.09260438547839
"destination_attraction","Destination-attraction shock","small",0.25,"adjacency benchmark","unit-mean shape","singular_spectrum_shape",200,0.545,3.06029590493171,2.94288130161112,1.609328759473,5.15791508206769,2.86333377600237
"directional_shift","Directional asymmetry shift","large",1,"structural roles","label-invariant partition","estimated_role_instability",200,0.02,0.912022015488865,0.918408531060114,0.807459590987423,0.982251628223618,0.991691287431846
"directional_shift","Directional asymmetry shift","large",1,"fitted-kernel distance","raw weighted scale","graphon_cut_raw",200,1,0.413317881057944,0.409705482098256,0.337205164538987,0.492826155870613,0.217562537442136
"directional_shift","Directional asymmetry shift","large",1,"fitted-kernel distance","unit-mean shape","graphon_cut_shape",200,0.97,0.208345737178903,0.207678743484755,0.174012195270573,0.245580556687409,0.175316396283842
"directional_shift","Directional asymmetry shift","large",1,"fitted-kernel distance","raw weighted scale","graphon_frobenius_raw",200,1,1.04908355421772,1.0434330356492,0.843305342358432,1.31405596856963,0.660067728143905
"directional_shift","Directional asymmetry shift","large",1,"fitted-kernel distance","unit-mean shape","graphon_frobenius_shape",200,1,0.736753575651685,0.730109107025956,0.6168995481242,0.883356058586672,0.577920598282863
"directional_shift","Directional asymmetry shift","large",1,"fitted-kernel distance","raw weighted scale","graphon_wasserstein_raw",200,1,0.36952616310699,0.369663422392624,0.273389789741295,0.469189010650171,0.169874751219579
"directional_shift","Directional asymmetry shift","large",1,"fitted-kernel distance","unit-mean shape","graphon_wasserstein_shape",200,0.99,0.237219062640378,0.234285041713021,0.159674309452898,0.323916989824527,0.147092610054326
"directional_shift","Directional asymmetry shift","large",1,"conventional indicator","native indicator scale","indicator_binary_transitivity",200,0.72,0.0320802707014496,0.0323530385299219,0.00881192148574528,0.0544933410531848,0.0239801659950453
"directional_shift","Directional asymmetry shift","large",1,"conventional indicator","native indicator scale","indicator_edge_density",200,0.405,0.0141962025316456,0.0139240506329114,0.00110759493670887,0.0296044303797468,0.0159889240506329
"directional_shift","Directional asymmetry shift","large",1,"conventional indicator","native indicator scale","indicator_effective_destinations",200,0.99,0.056593337195911,0.056257449555245,0.02983690928508,0.0883008857421579,0.0212173104812073
"directional_shift","Directional asymmetry shift","large",1,"conventional indicator","native indicator scale","indicator_in_strength_gini",200,0.985,0.0750217292079713,0.074922868340446,0.0411824750803342,0.108353134975205,0.0340800096386451
"directional_shift","Directional asymmetry shift","large",1,"conventional indicator","native indicator scale","indicator_out_strength_gini",200,0.955,0.0663233831754665,0.066200058985964,0.0253709054111771,0.10930851718559,0.0326812569457221
"directional_shift","Directional asymmetry shift","large",1,"conventional indicator","native indicator scale","indicator_top10_destination_share",200,0.895,0.0374466604479035,0.0367414026064463,0.0124844062122025,0.0638227102807064,0.0218795240206667
"directional_shift","Directional asymmetry shift","large",1,"conventional indicator","native indicator scale","indicator_total_weight",200,1,0.226462745542704,0.227736543406706,0.158967297067671,0.298093314003514,0.0710006686478987
"directional_shift","Directional asymmetry shift","large",1,"conventional indicator","native indicator scale","indicator_weighted_reciprocity",200,0.84,0.0533034211307307,0.0537842882870044,0.0220129458272745,0.0831818597579417,0.0380365767076742
"directional_shift","Directional asymmetry shift","large",1,"adjacency benchmark","raw weighted scale","singular_spectrum_raw",200,1,18.9165240521296,18.5923524957925,13.5629449867499,26.1235879000583,4.09260438547839
"directional_shift","Directional asymmetry shift","large",1,"adjacency benchmark","unit-mean shape","singular_spectrum_shape",200,0.97,5.12523574907642,5.18739235704528,2.82103770722774,7.6720157176206,2.86333377600237
"directional_shift","Directional asymmetry shift","medium",0.5,"structural roles","label-invariant partition","estimated_role_instability",200,0.05,0.92767776934896,0.929870766390378,0.843101700266575,0.999202921125362,0.991691287431846
"directional_shift","Directional asymmetry shift","medium",0.5,"fitted-kernel distance","raw weighted scale","graphon_cut_raw",200,0.86,0.245966756284738,0.246503753919177,0.199280598873475,0.289423611630258,0.217562537442136
"directional_shift","Directional asymmetry shift","medium",0.5,"fitted-kernel distance","unit-mean shape","graphon_cut_shape",200,0.2,0.165670586137045,0.166206295701218,0.141679521302563,0.192034315999824,0.175316396283842
"directional_shift","Directional asymmetry shift","medium",0.5,"fitted-kernel distance","raw weighted scale","graphon_frobenius_raw",200,0.575,0.671553822868306,0.667277803523783,0.573664302323867,0.801103252471049,0.660067728143905
"directional_shift","Directional asymmetry shift","medium",0.5,"fitted-kernel distance","unit-mean shape","graphon_frobenius_shape",200,0.295,0.555689996388246,0.551132649870263,0.478643554036171,0.642032072300076,0.577920598282863
"directional_shift","Directional asymmetry shift","medium",0.5,"fitted-kernel distance","raw weighted scale","graphon_wasserstein_raw",200,0.465,0.168662759958452,0.166431562134738,0.114997676490319,0.231361972235092,0.169874751219579
"directional_shift","Directional asymmetry shift","medium",0.5,"fitted-kernel distance","unit-mean shape","graphon_wasserstein_shape",200,0.17,0.122158067067915,0.119310709012392,0.0774415678193294,0.178228076717013,0.147092610054326
"directional_shift","Directional asymmetry shift","medium",0.5,"conventional indicator","native indicator scale","indicator_binary_transitivity",200,0.215,0.0154256515893517,0.0131171244438732,0.000948381260680402,0.0412874657272976,0.0239801659950453
"directional_shift","Directional asymmetry shift","medium",0.5,"conventional indicator","native indicator scale","indicator_edge_density",200,0.125,0.00859177215189874,0.00775316455696207,0.0004746835443038,0.0215308544303798,0.0159889240506329
"directional_shift","Directional asymmetry shift","medium",0.5,"conventional indicator","native indicator scale","indicator_effective_destinations",200,0.445,0.0199705201070631,0.019672398992554,0.00143270715285537,0.0442321559687054,0.0212173104812073
"directional_shift","Directional asymmetry shift","medium",0.5,"conventional indicator","native indicator scale","indicator_in_strength_gini",200,0.39,0.0294195592961592,0.02878355402622,0.00158368170977583,0.0619898468732898,0.0340800096386451
"directional_shift","Directional asymmetry shift","medium",0.5,"conventional indicator","native indicator scale","indicator_out_strength_gini",200,0.175,0.0200605164411285,0.0179843244745247,0.00100299928622494,0.046538692895275,0.0326812569457221
"directional_shift","Directional asymmetry shift","medium",0.5,"conventional indicator","native indicator scale","indicator_top10_destination_share",200,0.295,0.0159744160441082,0.0150800872724548,0.000302316475783006,0.0409627851185391,0.0218795240206667
"directional_shift","Directional asymmetry shift","medium",0.5,"conventional indicator","native indicator scale","indicator_total_weight",200,0.715,0.0889578548106295,0.0894161709853885,0.0298166524814147,0.148126914243176,0.0710006686478987
"directional_shift","Directional asymmetry shift","medium",0.5,"conventional indicator","native indicator scale","indicator_weighted_reciprocity",200,0.11,0.0192280547551349,0.0169573954127636,0.000678695865650713,0.0487290237746881,0.0380365767076742
"directional_shift","Directional asymmetry shift","medium",0.5,"adjacency benchmark","raw weighted scale","singular_spectrum_raw",200,0.88,6.09292177815452,6.08057002898524,2.98990942221591,9.54915694652351,4.09260438547839
"directional_shift","Directional asymmetry shift","medium",0.5,"adjacency benchmark","unit-mean shape","singular_spectrum_shape",200,0.145,2.233923593912,2.2103836294496,1.18586832245635,3.70967815410914,2.86333377600237
"directional_shift","Directional asymmetry shift","small",0.25,"structural roles","label-invariant partition","estimated_role_instability",200,0.045,0.934434170910284,0.937460691774104,0.860486102871227,0.997925786860765,0.991691287431846
"directional_shift","Directional asymmetry shift","small",0.25,"fitted-kernel distance","raw weighted scale","graphon_cut_raw",200,0.205,0.200965202414258,0.200556320252945,0.161490396130932,0.246653327360133,0.217562537442136
"directional_shift","Directional asymmetry shift","small",0.25,"fitted-kernel distance","unit-mean shape","graphon_cut_shape",200,0.08,0.158567865140963,0.158994113597987,0.137457005894545,0.180153420385613,0.175316396283842
"directional_shift","Directional asymmetry shift","small",0.25,"fitted-kernel distance","raw weighted scale","graphon_frobenius_raw",200,0.1,0.596976805744974,0.593521906414039,0.50709218461521,0.703668621875639,0.660067728143905
"directional_shift","Directional asymmetry shift","small",0.25,"fitted-kernel distance","unit-mean shape","graphon_frobenius_shape",200,0.08,0.517567289867333,0.515372893631399,0.446509568004793,0.602803677845028,0.577920598282863
"directional_shift","Directional asymmetry shift","small",0.25,"fitted-kernel distance","raw weighted scale","graphon_wasserstein_raw",200,0.085,0.133389310984849,0.132647731743911,0.0914228263214763,0.1949287865001,0.169874751219579
"directional_shift","Directional asymmetry shift","small",0.25,"fitted-kernel distance","unit-mean shape","graphon_wasserstein_shape",200,0.065,0.109677361658416,0.107335147413799,0.0676324115869967,0.158521724579494,0.147092610054326
"directional_shift","Directional asymmetry shift","small",0.25,"conventional indicator","native indicator scale","indicator_binary_transitivity",200,0.055,0.0110364186845238,0.010047336809933,0.000378511211562156,0.0295966257419121,0.0239801659950453
"directional_shift","Directional asymmetry shift","small",0.25,"conventional indicator","native indicator scale","indicator_edge_density",200,0.045,0.00625158227848101,0.00506329113924053,0.000312500000000002,0.0169303797468355,0.0159889240506329
"directional_shift","Directional asymmetry shift","small",0.25,"conventional indicator","native indicator scale","indicator_effective_destinations",200,0.085,0.0104271083068806,0.00839343345483812,0.000777383373149876,0.0311122030857617,0.0212173104812073
"directional_shift","Directional asymmetry shift","small",0.25,"conventional indicator","native indicator scale","indicator_in_strength_gini",200,0.07,0.0157071515310999,0.0128140044935712,0.00053824344632602,0.0419692113252585,0.0340800096386451
"directional_shift","Directional asymmetry shift","small",0.25,"conventional indicator","native indicator scale","indicator_out_strength_gini",200,0.035,0.0133535668971158,0.0115218488499216,0.000555935147698106,0.0341239267901525,0.0326812569457221
"directional_shift","Directional asymmetry shift","small",0.25,"conventional indicator","native indicator scale","indicator_top10_destination_share",200,0.085,0.00979608046592321,0.00836687729053133,0.000438196544839438,0.027595796437988,0.0218795240206667
"directional_shift","Directional asymmetry shift","small",0.25,"conventional indicator","native indicator scale","indicator_total_weight",200,0.18,0.0415724691121317,0.0380730839586638,0.00255389658483107,0.0983657888456722,0.0710006686478987
"directional_shift","Directional asymmetry shift","small",0.25,"conventional indicator","native indicator scale","indicator_weighted_reciprocity",200,0.04,0.0140086820935361,0.0112871366063,0.00108635112239713,0.0386229399817549,0.0380365767076742
"directional_shift","Directional asymmetry shift","small",0.25,"adjacency benchmark","raw weighted scale","singular_spectrum_raw",200,0.21,3.02455974990767,2.77732851507078,1.20723336763758,5.8444310969541,4.09260438547839
"directional_shift","Directional asymmetry shift","small",0.25,"adjacency benchmark","unit-mean shape","singular_spectrum_shape",200,0.025,1.77211586506967,1.68356987930659,0.841740384582607,2.8710162564639,2.86333377600237
"global_scale","Global volume scaling","large",1,"structural roles","label-invariant partition","estimated_role_instability",200,0.045,0.93255662760877,0.935460512016811,0.852992736519227,0.994660775433298,0.991691287431846
"global_scale","Global volume scaling","large",1,"fitted-kernel distance","raw weighted scale","graphon_cut_raw",200,1,1.29473712770699,1.298203125,1.16661477272727,1.42694921875,0.217562537442136
"global_scale","Global volume scaling","large",1,"fitted-kernel distance","unit-mean shape","graphon_cut_shape",200,0.085,0.159867678059082,0.159801556765603,0.136522465569323,0.1817879254826,0.175316396283842
"global_scale","Global volume scaling","large",1,"fitted-kernel distance","raw weighted scale","graphon_frobenius_raw",200,1,1.67977400776859,1.67515663854925,1.49679844911826,1.8908203427696,0.660067728143905
"global_scale","Global volume scaling","large",1,"fitted-kernel distance","unit-mean shape","graphon_frobenius_shape",200,0.115,0.526059657167731,0.520236083952014,0.44928911878059,0.616629980563918,0.577920598282863
"global_scale","Global volume scaling","large",1,"fitted-kernel distance","raw weighted scale","graphon_wasserstein_raw",200,1,1.29294677759515,1.29820312500001,1.16154296875,1.42694921875003,0.169874751219579
"global_scale","Global volume scaling","large",1,"fitted-kernel distance","unit-mean shape","graphon_wasserstein_shape",200,0.055,0.108508251494105,0.104580087082319,0.0671708791596127,0.157517264460154,0.147092610054326
"global_scale","Global volume scaling","large",1,"conventional indicator","native indicator scale","indicator_binary_transitivity",200,0.07,0.0105539561794657,0.00894237272010159,0.000475627273742983,0.0313044736176499,0.0239801659950453
"global_scale","Global volume scaling","large",1,"conventional indicator","native indicator scale","indicator_edge_density",200,0.045,0.00647863924050633,0.00569620253164554,0.0004746835443038,0.016934335443038,0.0159889240506329
"global_scale","Global volume scaling","large",1,"conventional indicator","native indicator scale","indicator_effective_destinations",200,0.155,0.0125688636309724,0.0109396827559722,0.00105085444514055,0.0329258277770368,0.0212173104812073
"global_scale","Global volume scaling","large",1,"conventional indicator","native indicator scale","indicator_in_strength_gini",200,0.135,0.0181156642063623,0.0152769574063933,0.000795484238348793,0.0472971021406597,0.0340800096386451
"global_scale","Global volume scaling","large",1,"conventional indicator","native indicator scale","indicator_out_strength_gini",200,0.11,0.0170491427532176,0.0148464864793714,0.00123746075860663,0.043459039368261,0.0326812569457221
"global_scale","Global volume scaling","large",1,"conventional indicator","native indicator scale","indicator_top10_destination_share",200,0.14,0.0116320685274888,0.0093674109805035,0.000524405937693612,0.032097862031589,0.0218795240206667
"global_scale","Global volume scaling","large",1,"conventional indicator","native indicator scale","indicator_total_weight",200,1,0.765535791219001,0.770736225666531,0.699364049062697,0.839364159681004,0.0710006686478987
"global_scale","Global volume scaling","large",1,"conventional indicator","native indicator scale","indicator_weighted_reciprocity",200,0.07,0.0165078190944148,0.0137448212455137,0.000907660587241171,0.043891434425594,0.0380365767076742
"global_scale","Global volume scaling","large",1,"adjacency benchmark","raw weighted scale","singular_spectrum_raw",200,1,59.2984664433814,59.3079579924969,53.2481838786504,66.7112988251803,4.09260438547839
"global_scale","Global volume scaling","large",1,"adjacency benchmark","unit-mean shape","singular_spectrum_shape",200,0.13,1.98504860090193,1.89084125609159,0.909470431034039,3.51796846986341,2.86333377600237
"global_scale","Global volume scaling","medium",0.5,"structural roles","label-invariant partition","estimated_role_instability",200,0.05,0.938893305159968,0.94370207485857,0.852143213855565,1.00517410620457,0.991691287431846
"global_scale","Global volume scaling","medium",0.5,"fitted-kernel distance","raw weighted scale","graphon_cut_raw",200,1,0.666586935838125,0.671647843765032,0.585966942170498,0.737971070709342,0.217562537442136
"global_scale","Global volume scaling","medium",0.5,"fitted-kernel distance","unit-mean shape","graphon_cut_shape",200,0.04,0.157276069547431,0.157207805644471,0.132362253866279,0.176661540756708,0.175316396283842
"global_scale","Global volume scaling","medium",0.5,"fitted-kernel distance","raw weighted scale","graphon_frobenius_raw",200,1,1.01402067944765,1.01112510786238,0.901560912256563,1.16018006947145,0.660067728143905
"global_scale","Global volume scaling","medium",0.5,"fitted-kernel distance","unit-mean shape","graphon_frobenius_shape",200,0.055,0.512332597539673,0.513044167162937,0.431735036757141,0.60021821765914,0.577920598282863
"global_scale","Global volume scaling","medium",0.5,"fitted-kernel distance","raw weighted scale","graphon_wasserstein_raw",200,1,0.643800132758367,0.649609374999992,0.558919612591457,0.719910156249992,0.169874751219579
"global_scale","Global volume scaling","medium",0.5,"fitted-kernel distance","unit-mean shape","graphon_wasserstein_shape",200,0.06,0.103638677858387,0.100310080267861,0.066683393530958,0.154478137078992,0.147092610054326
"global_scale","Global volume scaling","medium",0.5,"conventional indicator","native indicator scale","indicator_binary_transitivity",200,0.06,0.00925450734422408,0.00727092106785204,0.000795703468600482,0.0276102002632982,0.0239801659950453
"global_scale","Global volume scaling","medium",0.5,"conventional indicator","native indicator scale","indicator_edge_density",200,0.015,0.00564003164556962,0.00482594936708861,0.000316455696202533,0.0155102848101266,0.0159889240506329
"global_scale","Global volume scaling","medium",0.5,"conventional indicator","native indicator scale","indicator_effective_destinations",200,0.13,0.0103888516171875,0.00775591430478606,0.00056242288278503,0.030007572476627,0.0212173104812073
"global_scale","Global volume scaling","medium",0.5,"conventional indicator","native indicator scale","indicator_in_strength_gini",200,0.085,0.0157409525013119,0.0124445184014668,0.000858824735903108,0.0428723187815372,0.0340800096386451
"global_scale","Global volume scaling","medium",0.5,"conventional indicator","native indicator scale","indicator_out_strength_gini",200,0.08,0.0157971215728526,0.0136175257114668,0.000742113456410082,0.041324803949685,0.0326812569457221
"global_scale","Global volume scaling","medium",0.5,"conventional indicator","native indicator scale","indicator_top10_destination_share",200,0.07,0.00953020253276054,0.00853951122430385,0.00032269744017837,0.0277084647075459,0.0218795240206667
"global_scale","Global volume scaling","medium",0.5,"conventional indicator","native indicator scale","indicator_total_weight",200,1,0.452728614882211,0.457613796279526,0.39033399925269,0.505711223481701,0.0710006686478987
"global_scale","Global volume scaling","medium",0.5,"conventional indicator","native indicator scale","indicator_weighted_reciprocity",200,0.015,0.013081577878415,0.0115763269955295,0.000491987673741501,0.0332067716388317,0.0380365767076742
"global_scale","Global volume scaling","medium",0.5,"adjacency benchmark","raw weighted scale","singular_spectrum_raw",200,1,29.6164896096364,29.6541057531387,25.3201674507786,33.2579558784786,4.09260438547839
"global_scale","Global volume scaling","medium",0.5,"adjacency benchmark","unit-mean shape","singular_spectrum_shape",200,0.075,1.87985175869708,1.76458705152564,0.767116745928733,3.35868534788148,2.86333377600237
"global_scale","Global volume scaling","small",0.25,"structural roles","label-invariant partition","estimated_role_instability",200,0.07,0.940831844734142,0.94469136647179,0.851203244821689,0.999417098017342,0.991691287431846
"global_scale","Global volume scaling","small",0.25,"fitted-kernel distance","raw weighted scale","graphon_cut_raw",200,1,0.394616083097121,0.390090785368441,0.328101778011257,0.473483524551646,0.217562537442136
"global_scale","Global volume scaling","small",0.25,"fitted-kernel distance","unit-mean shape","graphon_cut_shape",200,0.1,0.158708842006282,0.157847813076827,0.139067889287661,0.181313980035873,0.175316396283842
"global_scale","Global volume scaling","small",0.25,"fitted-kernel distance","raw weighted scale","graphon_frobenius_raw",200,0.935,0.754006816199216,0.748763619125593,0.631448637816774,0.893134898754009,0.660067728143905
"global_scale","Global volume scaling","small",0.25,"fitted-kernel distance","unit-mean shape","graphon_frobenius_shape",200,0.09,0.518016417983324,0.513298222330032,0.438178766014421,0.615578647426368,0.577920598282863
"global_scale","Global volume scaling","small",0.25,"fitted-kernel distance","raw weighted scale","graphon_wasserstein_raw",200,1,0.33178758931084,0.330750473484846,0.2503631045272,0.413798102678571,0.169874751219579
"global_scale","Global volume scaling","small",0.25,"fitted-kernel distance","unit-mean shape","graphon_wasserstein_shape",200,0.045,0.105062478593572,0.104029867152418,0.0658338610711806,0.152334313747719,0.147092610054326
"global_scale","Global volume scaling","small",0.25,"conventional indicator","native indicator scale","indicator_binary_transitivity",200,0.08,0.0108626802708727,0.00865117222962239,0.000360069487036122,0.0303757667459407,0.0239801659950453
"global_scale","Global volume scaling","small",0.25,"conventional indicator","native indicator scale","indicator_edge_density",200,0.05,0.00681012658227848,0.00553797468354433,0.000316455696202533,0.0194699367088608,0.0159889240506329
"global_scale","Global volume scaling","small",0.25,"conventional indicator","native indicator scale","indicator_effective_destinations",200,0.05,0.00926454568373878,0.00769370888282728,0.000416083460080086,0.0230628501802161,0.0212173104812073
"global_scale","Global volume scaling","small",0.25,"conventional indicator","native indicator scale","indicator_in_strength_gini",200,0.035,0.0137334134115199,0.0116915361035946,0.000937439650915811,0.035915967798026,0.0340800096386451
"global_scale","Global volume scaling","small",0.25,"conventional indicator","native indicator scale","indicator_out_strength_gini",200,0.055,0.0141244385467593,0.0116492925778602,0.000893438605655977,0.0388181498790302,0.0326812569457221
"global_scale","Global volume scaling","small",0.25,"conventional indicator","native indicator scale","indicator_top10_destination_share",200,0.09,0.0105410166484876,0.00989654272505792,0.000259405480413211,0.0262020923616334,0.0218795240206667
"global_scale","Global volume scaling","small",0.25,"conventional indicator","native indicator scale","indicator_total_weight",200,1,0.251943041386914,0.252498269106766,0.18621387764225,0.320579136415596,0.0710006686478987
"global_scale","Global volume scaling","small",0.25,"conventional indicator","native indicator scale","indicator_weighted_reciprocity",200,0.015,0.0131575588706286,0.0106834578964217,0.000576935684290047,0.0361200429409567,0.0380365767076742
"global_scale","Global volume scaling","small",0.25,"adjacency benchmark","raw weighted scale","singular_spectrum_raw",200,1,15.0666282187634,15.021035893736,11.4006016296559,18.921250781294,4.09260438547839
"global_scale","Global volume scaling","small",0.25,"adjacency benchmark","unit-mean shape","singular_spectrum_shape",200,0.075,1.86067671872573,1.8301654615876,0.886909222959315,3.21365878449065,2.86333377600237
"local_block_shock","Localized block-pair shock","large",1,"structural roles","label-invariant partition","estimated_role_instability",200,0.59,0.991079978691493,0.995259050639997,0.942886369386978,1.02386600717846,0.991691287431846
"local_block_shock","Localized block-pair shock","large",1,"fitted-kernel distance","raw weighted scale","graphon_cut_raw",200,1,0.337584290399552,0.336300963552336,0.280281950464578,0.39606700770452,0.217562537442136
"local_block_shock","Localized block-pair shock","large",1,"fitted-kernel distance","unit-mean shape","graphon_cut_shape",200,0.835,0.188275984174055,0.188515966091395,0.165389640476987,0.212590796754814,0.175316396283842
"local_block_shock","Localized block-pair shock","large",1,"fitted-kernel distance","raw weighted scale","graphon_frobenius_raw",200,0.985,0.799091780955111,0.791271782335747,0.66770863060303,0.974467988574861,0.660067728143905
"local_block_shock","Localized block-pair shock","large",1,"fitted-kernel distance","unit-mean shape","graphon_frobenius_shape",200,0.7,0.609469769040349,0.603849927623193,0.515733574212323,0.725702031342011,0.577920598282863
"local_block_shock","Localized block-pair shock","large",1,"fitted-kernel distance","raw weighted scale","graphon_wasserstein_raw",200,0.975,0.238372009529847,0.237186041361749,0.170722330355599,0.318103067528732,0.169874751219579
"local_block_shock","Localized block-pair shock","large",1,"fitted-kernel distance","unit-mean shape","graphon_wasserstein_shape",200,0.12,0.117900750367044,0.11863517237548,0.0737714234861741,0.180127297200722,0.147092610054326
"local_block_shock","Localized block-pair shock","large",1,"conventional indicator","native indicator scale","indicator_binary_transitivity",200,0.63,0.0287743755771223,0.0297714924893774,0.00391775993515357,0.0548309162485636,0.0239801659950453
"local_block_shock","Localized block-pair shock","large",1,"conventional indicator","native indicator scale","indicator_edge_density",200,0.69,0.0191337025316456,0.0192246835443038,0.00468749999999997,0.0340704113924051,0.0159889240506329
"local_block_shock","Localized block-pair shock","large",1,"conventional indicator","native indicator scale","indicator_effective_destinations",200,0.315,0.0164746951334586,0.0146929486030616,0.00116773157369874,0.0395252891042293,0.0212173104812073
"local_block_shock","Localized block-pair shock","large",1,"conventional indicator","native indicator scale","indicator_in_strength_gini",200,0.325,0.0263154577345044,0.0242908115330454,0.0012704024682022,0.0643809109337228,0.0340800096386451
"local_block_shock","Localized block-pair shock","large",1,"conventional indicator","native indicator scale","indicator_out_strength_gini",200,0.825,0.0511339429772681,0.0504337827363144,0.0123593054291161,0.0907017460628759,0.0326812569457221
"local_block_shock","Localized block-pair shock","large",1,"conventional indicator","native indicator scale","indicator_top10_destination_share",200,0.165,0.0123036675221356,0.0102199873376177,0.000620287165409232,0.036164550668115,0.0218795240206667
"local_block_shock","Localized block-pair shock","large",1,"conventional indicator","native indicator scale","indicator_total_weight",200,0.995,0.180023596568755,0.180946436743186,0.119273669644931,0.241907297637583,0.0710006686478987
"local_block_shock","Localized block-pair shock","large",1,"conventional indicator","native indicator scale","indicator_weighted_reciprocity",200,0.03,0.0145428225900492,0.0132181620695371,0.000351810631083316,0.0381161678983976,0.0380365767076742
"local_block_shock","Localized block-pair shock","large",1,"adjacency benchmark","raw weighted scale","singular_spectrum_raw",200,1,12.2914839132378,12.1657686267744,7.72232238065465,17.9190189031182,4.09260438547839
"local_block_shock","Localized block-pair shock","large",1,"adjacency benchmark","unit-mean shape","singular_spectrum_shape",200,0.84,3.87985548267439,3.85522562723739,1.93308367743296,6.12409163495699,2.86333377600237
"local_block_shock","Localized block-pair shock","medium",0.5,"structural roles","label-invariant partition","estimated_role_instability",200,0.21,0.96683300997595,0.96980588257258,0.895175363994305,1.01542651531227,0.991691287431846
"local_block_shock","Localized block-pair shock","medium",0.5,"fitted-kernel distance","raw weighted scale","graphon_cut_raw",200,0.615,0.225461598510444,0.226205133392353,0.181788700991048,0.280902014630782,0.217562537442136
"local_block_shock","Localized block-pair shock","medium",0.5,"fitted-kernel distance","unit-mean shape","graphon_cut_shape",200,0.115,0.161633699983575,0.161415526833797,0.141438657112871,0.187905057142054,0.175316396283842
"local_block_shock","Localized block-pair shock","medium",0.5,"fitted-kernel distance","raw weighted scale","graphon_frobenius_raw",200,0.08,0.596842648422461,0.593343256517899,0.517633423939549,0.684346793404251,0.660067728143905
"local_block_shock","Localized block-pair shock","medium",0.5,"fitted-kernel distance","unit-mean shape","graphon_frobenius_shape",200,0.04,0.507099891393996,0.503983586503422,0.447023021377794,0.58771663334546,0.577920598282863
"local_block_shock","Localized block-pair shock","medium",0.5,"fitted-kernel distance","raw weighted scale","graphon_wasserstein_raw",200,0.225,0.14862971883052,0.144662052779385,0.0973579420517952,0.222583808323234,0.169874751219579
"local_block_shock","Localized block-pair shock","medium",0.5,"fitted-kernel distance","unit-mean shape","graphon_wasserstein_shape",200,0.04,0.10392846559329,0.102212538704809,0.0643029017965617,0.150876613358368,0.147092610054326
"local_block_shock","Localized block-pair shock","medium",0.5,"conventional indicator","native indicator scale","indicator_binary_transitivity",200,0.18,0.014503681018417,0.0123356023516535,0.00163254469989616,0.0361572352940556,0.0239801659950453
"local_block_shock","Localized block-pair shock","medium",0.5,"conventional indicator","native indicator scale","indicator_edge_density",200,0.19,0.0102982594936709,0.0085443037974684,0.0004746835443038,0.0261155063291139,0.0159889240506329
"local_block_shock","Localized block-pair shock","medium",0.5,"conventional indicator","native indicator scale","indicator_effective_destinations",200,0.4,0.0187614795947122,0.0187318458358221,0.00238857457650787,0.0385924480523655,0.0212173104812073
"local_block_shock","Localized block-pair shock","medium",0.5,"conventional indicator","native indicator scale","indicator_in_strength_gini",200,0.45,0.0310294564715145,0.031118790771554,0.00415098495828459,0.0591938146526086,0.0340800096386451
"local_block_shock","Localized block-pair shock","medium",0.5,"conventional indicator","native indicator scale","indicator_out_strength_gini",200,0.09,0.0165801124486596,0.0151710691592888,0.000875114958970874,0.041784083459333,0.0326812569457221
"local_block_shock","Localized block-pair shock","medium",0.5,"conventional indicator","native indicator scale","indicator_top10_destination_share",200,0.13,0.0122894368290984,0.0106393958015023,0.000610807586560628,0.0317987522790409,0.0218795240206667
"local_block_shock","Localized block-pair shock","medium",0.5,"conventional indicator","native indicator scale","indicator_total_weight",200,0.57,0.075975103779206,0.0777701161827871,0.0127087927241929,0.146790148438869,0.0710006686478987
"local_block_shock","Localized block-pair shock","medium",0.5,"conventional indicator","native indicator scale","indicator_weighted_reciprocity",200,0.025,0.0146700759500769,0.0134304468674791,0.000648298910020352,0.0372163251873696,0.0380365767076742
"local_block_shock","Localized block-pair shock","medium",0.5,"adjacency benchmark","raw weighted scale","singular_spectrum_raw",200,0.48,4.06532665847289,3.98879090105614,1.57076337085216,7.39187794225511,4.09260438547839
"local_block_shock","Localized block-pair shock","medium",0.5,"adjacency benchmark","unit-mean shape","singular_spectrum_shape",200,0.185,2.25638547580192,2.18967685067621,1.09292912547971,3.92579561484045,2.86333377600237
"local_block_shock","Localized block-pair shock","small",0.25,"structural roles","label-invariant partition","estimated_role_instability",200,0.07,0.94852249151597,0.951641179903781,0.875773663818595,1.0040060146501,0.991691287431846
"local_block_shock","Localized block-pair shock","small",0.25,"fitted-kernel distance","raw weighted scale","graphon_cut_raw",200,0.13,0.194049580401847,0.192650054135638,0.155016927920574,0.238805629855053,0.217562537442136
"local_block_shock","Localized block-pair shock","small",0.25,"fitted-kernel distance","unit-mean shape","graphon_cut_shape",200,0.035,0.156074147861797,0.156173718394782,0.13283838717753,0.176510664868125,0.175316396283842
"local_block_shock","Localized block-pair shock","small",0.25,"fitted-kernel distance","raw weighted scale","graphon_frobenius_raw",200,0.025,0.571079433103648,0.568795894363833,0.494057516383586,0.651344714846618,0.660067728143905
"local_block_shock","Localized block-pair shock","small",0.25,"fitted-kernel distance","unit-mean shape","graphon_frobenius_shape",200,0.01,0.498578953701683,0.498015889469727,0.432827014452201,0.567456534990123,0.577920598282863
"local_block_shock","Localized block-pair shock","small",0.25,"fitted-kernel distance","raw weighted scale","graphon_wasserstein_raw",200,0.045,0.124645024994957,0.122519525378481,0.0848424097659487,0.178488064930318,0.169874751219579
"local_block_shock","Localized block-pair shock","small",0.25,"fitted-kernel distance","unit-mean shape","graphon_wasserstein_shape",200,0.025,0.102699063879313,0.0989672579840431,0.0687907272676114,0.145744746840749,0.147092610054326
"local_block_shock","Localized block-pair shock","small",0.25,"conventional indicator","native indicator scale","indicator_binary_transitivity",200,0.07,0.011210284987717,0.00917157746841171,0.000568030929845423,0.02928663154788,0.0239801659950453
"local_block_shock","Localized block-pair shock","small",0.25,"conventional indicator","native indicator scale","indicator_edge_density",200,0.06,0.00725553797468355,0.00632911392405067,0.000158227848101267,0.0189912974683544,0.0159889240506329
"local_block_shock","Localized block-pair shock","small",0.25,"conventional indicator","native indicator scale","indicator_effective_destinations",200,0.18,0.0127207793630808,0.0113897623041472,0.000855791166574815,0.0315067380810813,0.0212173104812073
"local_block_shock","Localized block-pair shock","small",0.25,"conventional indicator","native indicator scale","indicator_in_strength_gini",200,0.195,0.0200034344969379,0.0169586390938287,0.000866529094076601,0.0462250759477886,0.0340800096386451
"local_block_shock","Localized block-pair shock","small",0.25,"conventional indicator","native indicator scale","indicator_out_strength_gini",200,0.04,0.0131635611012332,0.011158152515178,0.00065461882681439,0.035274636728832,0.0326812569457221
"local_block_shock","Localized block-pair shock","small",0.25,"conventional indicator","native indicator scale","indicator_top10_destination_share",200,0.08,0.0101494757171301,0.0085128826353074,0.000628439841251321,0.0311564085833826,0.0218795240206667
"local_block_shock","Localized block-pair shock","small",0.25,"conventional indicator","native indicator scale","indicator_total_weight",200,0.12,0.0382003091479789,0.0331563558329613,0.00119507977432871,0.0910057245852074,0.0710006686478987
"local_block_shock","Localized block-pair shock","small",0.25,"conventional indicator","native indicator scale","indicator_weighted_reciprocity",200,0.02,0.0145947150339963,0.0124606638836956,0.000756971698738659,0.037453514926694,0.0380365767076742
"local_block_shock","Localized block-pair shock","small",0.25,"adjacency benchmark","raw weighted scale","singular_spectrum_raw",200,0.085,2.60128854629752,2.38196655122801,0.906425239891479,5.58332812698675,4.09260438547839
"local_block_shock","Localized block-pair shock","small",0.25,"adjacency benchmark","unit-mean shape","singular_spectrum_shape",200,0.085,1.92061784006356,1.87068938401751,0.942667815730011,3.28539833853508,2.86333377600237
"null","Null: sampling variation","null",0,"structural roles","label-invariant partition","estimated_role_instability",200,0.05,0.944388582145807,0.94573268599011,0.878658181594964,0.998583037419343,0.991691287431846
"null","Null: sampling variation","null",0,"fitted-kernel distance","raw weighted scale","graphon_cut_raw",200,0.05,0.186593181487963,0.184192136278629,0.158253847439899,0.232126509494908,0.217562537442136
"null","Null: sampling variation","null",0,"fitted-kernel distance","unit-mean shape","graphon_cut_shape",200,0.05,0.15585497621428,0.156111226754865,0.137508946351083,0.177188758344993,0.175316396283842
"null","Null: sampling variation","null",0,"fitted-kernel distance","raw weighted scale","graphon_frobenius_raw",200,0.05,0.573529348918809,0.57075301132333,0.491863860285446,0.677204821623394,0.660067728143905
"null","Null: sampling variation","null",0,"fitted-kernel distance","unit-mean shape","graphon_frobenius_shape",200,0.05,0.509884505055249,0.511323910358028,0.4424816456109,0.598364706074003,0.577920598282863
"null","Null: sampling variation","null",0,"fitted-kernel distance","raw weighted scale","graphon_wasserstein_raw",200,0.05,0.120479815218597,0.118234439123758,0.080553639354453,0.174958125085139,0.169874751219579
"null","Null: sampling variation","null",0,"fitted-kernel distance","unit-mean shape","graphon_wasserstein_shape",200,0.05,0.103009423221977,0.100711077158915,0.0659106105856747,0.153263324739646,0.147092610054326
"null","Null: sampling variation","null",0,"conventional indicator","native indicator scale","indicator_binary_transitivity",200,0.05,0.00997000203168531,0.0084455858691021,0.000457845878796834,0.0313728404188223,0.0239801659950453
"null","Null: sampling variation","null",0,"conventional indicator","native indicator scale","indicator_edge_density",200,0.05,0.00646598101265822,0.00530063291139243,0.0004746835443038,0.017254746835443,0.0159889240506329
"null","Null: sampling variation","null",0,"conventional indicator","native indicator scale","indicator_effective_destinations",200,0.05,0.00929974593450561,0.00853589314744596,0.000418194353915724,0.0235168362876924,0.0212173104812073
"null","Null: sampling variation","null",0,"conventional indicator","native indicator scale","indicator_in_strength_gini",200,0.05,0.0141447713961295,0.0124951270025992,0.000565370239436003,0.036640661733059,0.0340800096386451
"null","Null: sampling variation","null",0,"conventional indicator","native indicator scale","indicator_out_strength_gini",200,0.05,0.0141677232260902,0.0130655685170185,0.000699933364181893,0.0379166997200513,0.0326812569457221
"null","Null: sampling variation","null",0,"conventional indicator","native indicator scale","indicator_top10_destination_share",200,0.05,0.00827604116428479,0.0061885002168191,0.000304789235314081,0.0256611348146943,0.0218795240206667
"null","Null: sampling variation","null",0,"conventional indicator","native indicator scale","indicator_total_weight",200,0.05,0.0282977098013491,0.0236923908095985,0.00140037753722124,0.080318502251354,0.0710006686478987
"null","Null: sampling variation","null",0,"conventional indicator","native indicator scale","indicator_weighted_reciprocity",200,0.05,0.0152586495594412,0.0137611746676119,0.00078224700575664,0.0461091640892717,0.0380365767076742
"null","Null: sampling variation","null",0,"adjacency benchmark","raw weighted scale","singular_spectrum_raw",200,0.05,2.36979091047774,2.18481976091872,0.9989202130632,4.38908906264694,4.09260438547839
"null","Null: sampling variation","null",0,"adjacency benchmark","unit-mean shape","singular_spectrum_shape",200,0.05,1.79828243106373,1.74907628837817,0.859142165370867,3.08499861474521,2.86333377600237
"role_reassignment","Node role reassignment","large",1,"structural roles","label-invariant partition","estimated_role_instability",200,0.18,0.965950915808573,0.969270490356002,0.89655571107217,1.01415256278394,0.991691287431846
"role_reassignment","Node role reassignment","large",1,"fitted-kernel distance","raw weighted scale","graphon_cut_raw",200,0.995,0.279491665781925,0.276113177562384,0.22568377890563,0.330213187725819,0.217562537442136
"role_reassignment","Node role reassignment","large",1,"fitted-kernel distance","unit-mean shape","graphon_cut_shape",200,0.49,0.17475403842628,0.174905676762795,0.152796186737178,0.198008989868668,0.175316396283842
"role_reassignment","Node role reassignment","large",1,"fitted-kernel distance","raw weighted scale","graphon_frobenius_raw",200,0.645,0.683717124074241,0.684878367531125,0.581413225926217,0.787779248038172,0.660067728143905
"role_reassignment","Node role reassignment","large",1,"fitted-kernel distance","unit-mean shape","graphon_frobenius_shape",200,0.295,0.554522474519297,0.554718603259141,0.482592715776338,0.636389666045872,0.577920598282863
"role_reassignment","Node role reassignment","large",1,"fitted-kernel distance","raw weighted scale","graphon_wasserstein_raw",200,0.585,0.182222849271768,0.177434191540171,0.118570077211666,0.259064696063078,0.169874751219579
"role_reassignment","Node role reassignment","large",1,"fitted-kernel distance","unit-mean shape","graphon_wasserstein_shape",200,0.11,0.111406881755625,0.108649030113507,0.0726818881959045,0.168969330021736,0.147092610054326
"role_reassignment","Node role reassignment","large",1,"conventional indicator","native indicator scale","indicator_binary_transitivity",200,0.73,0.0316566857216033,0.0310208292960425,0.00897716954175106,0.0547080488348223,0.0239801659950453
"role_reassignment","Node role reassignment","large",1,"conventional indicator","native indicator scale","indicator_edge_density",200,0.675,0.0193773734177215,0.0188291139240506,0.00505537974683547,0.0337341772151899,0.0159889240506329
"role_reassignment","Node role reassignment","large",1,"conventional indicator","native indicator scale","indicator_effective_destinations",200,0.15,0.0122699528101212,0.00994329364257052,0.00040183635503781,0.040061042247578,0.0212173104812073
"role_reassignment","Node role reassignment","large",1,"conventional indicator","native indicator scale","indicator_in_strength_gini",200,0.13,0.0172748748722392,0.0143003890783541,0.000956742146423856,0.0512277748351011,0.0340800096386451
"role_reassignment","Node role reassignment","large",1,"conventional indicator","native indicator scale","indicator_out_strength_gini",200,0.105,0.0171616333810447,0.0148631557328585,0.000763789787008312,0.044435362266037,0.0326812569457221
"role_reassignment","Node role reassignment","large",1,"conventional indicator","native indicator scale","indicator_top10_destination_share",200,0.125,0.0100545223445453,0.00791185211172855,0.000439887498778985,0.030224125765723,0.0218795240206667
"role_reassignment","Node role reassignment","large",1,"conventional indicator","native indicator scale","indicator_total_weight",200,0.935,0.118855837762544,0.11750849493734,0.0595348537762952,0.17725759544574,0.0710006686478987
"role_reassignment","Node role reassignment","large",1,"conventional indicator","native indicator scale","indicator_weighted_reciprocity",200,0.08,0.018264088025059,0.0158939492683162,0.000533684597718698,0.0443958044287655,0.0380365767076742
"role_reassignment","Node role reassignment","large",1,"adjacency benchmark","raw weighted scale","singular_spectrum_raw",200,0.85,5.74189147013411,5.64102463112685,2.82384980820718,9.31929960231164,4.09260438547839
"role_reassignment","Node role reassignment","large",1,"adjacency benchmark","unit-mean shape","singular_spectrum_shape",200,0.365,2.65643803788815,2.58233156169574,1.41361465140871,4.00956882840962,2.86333377600237
"role_reassignment","Node role reassignment","medium",0.5,"structural roles","label-invariant partition","estimated_role_instability",200,0.12,0.949999446864825,0.951131182851603,0.874914920899322,1.00284313845393,0.991691287431846
"role_reassignment","Node role reassignment","medium",0.5,"fitted-kernel distance","raw weighted scale","graphon_cut_raw",200,0.595,0.224228787971166,0.223629655998732,0.174732863152279,0.280359296123816,0.217562537442136
"role_reassignment","Node role reassignment","medium",0.5,"fitted-kernel distance","unit-mean shape","graphon_cut_shape",200,0.22,0.165385944561193,0.165344113764491,0.141489098883837,0.190519567337197,0.175316396283842
"role_reassignment","Node role reassignment","medium",0.5,"fitted-kernel distance","raw weighted scale","graphon_frobenius_raw",200,0.18,0.625031823905415,0.625945767948055,0.531440905868457,0.723831926717738,0.660067728143905
"role_reassignment","Node role reassignment","medium",0.5,"fitted-kernel distance","unit-mean shape","graphon_frobenius_shape",200,0.105,0.533111611855954,0.532648494598619,0.459235842931739,0.619752393811151,0.577920598282863
"role_reassignment","Node role reassignment","medium",0.5,"fitted-kernel distance","raw weighted scale","graphon_wasserstein_raw",200,0.145,0.144395024865817,0.142474035940584,0.0941009819905965,0.210654363159875,0.169874751219579
"role_reassignment","Node role reassignment","medium",0.5,"fitted-kernel distance","unit-mean shape","graphon_wasserstein_shape",200,0.05,0.109026327170343,0.107733164006301,0.0716144097695244,0.156719018648109,0.147092610054326
"role_reassignment","Node role reassignment","medium",0.5,"conventional indicator","native indicator scale","indicator_binary_transitivity",200,0.305,0.0176793492347682,0.0169046283373818,0.000934421800767872,0.0433814818540787,0.0239801659950453
"role_reassignment","Node role reassignment","medium",0.5,"conventional indicator","native indicator scale","indicator_edge_density",200,0.255,0.0105530063291139,0.00981012658227848,0.000625000000000003,0.0239398734177215,0.0159889240506329
"role_reassignment","Node role reassignment","medium",0.5,"conventional indicator","native indicator scale","indicator_effective_destinations",200,0.12,0.0106894109136775,0.00837502933789702,0.000567887282027768,0.0284073769180517,0.0212173104812073
"role_reassignment","Node role reassignment","medium",0.5,"conventional indicator","native indicator scale","indicator_in_strength_gini",200,0.095,0.0157126295800786,0.01297484639266,0.000495381569005604,0.0464261562686936,0.0340800096386451
"role_reassignment","Node role reassignment","medium",0.5,"conventional indicator","native indicator scale","indicator_out_strength_gini",200,0.09,0.015366091379776,0.01305889646236,0.000802789333629062,0.0431229701412775,0.0326812569457221
"role_reassignment","Node role reassignment","medium",0.5,"conventional indicator","native indicator scale","indicator_top10_destination_share",200,0.095,0.00989923909688592,0.00841097773037086,0.000454196561783391,0.0258810895815759,0.0218795240206667
"role_reassignment","Node role reassignment","medium",0.5,"conventional indicator","native indicator scale","indicator_total_weight",200,0.37,0.0633622324173069,0.0593619783572317,0.00922209209852842,0.130445470564181,0.0710006686478987
"role_reassignment","Node role reassignment","medium",0.5,"conventional indicator","native indicator scale","indicator_weighted_reciprocity",200,0.06,0.014161890181587,0.0112468307721199,0.000789307827236081,0.0442927177529017,0.0380365767076742
"role_reassignment","Node role reassignment","medium",0.5,"adjacency benchmark","raw weighted scale","singular_spectrum_raw",200,0.3,3.43533927088208,3.23344170419832,1.27310211860504,6.36318099865625,4.09260438547839
"role_reassignment","Node role reassignment","medium",0.5,"adjacency benchmark","unit-mean shape","singular_spectrum_shape",200,0.13,2.08704523047719,2.00188631039911,0.979624457976925,3.50996167112605,2.86333377600237
"role_reassignment","Node role reassignment","small",0.25,"structural roles","label-invariant partition","estimated_role_instability",200,0.07,0.944474347695815,0.950699747242303,0.865904790913202,1.00057566692652,0.991691287431846
"role_reassignment","Node role reassignment","small",0.25,"fitted-kernel distance","raw weighted scale","graphon_cut_raw",200,0.22,0.204516082387978,0.20205832821759,0.168224663271673,0.252635578926189,0.217562537442136
"role_reassignment","Node role reassignment","small",0.25,"fitted-kernel distance","unit-mean shape","graphon_cut_shape",200,0.135,0.161283382763588,0.160496060315761,0.138255274034565,0.187048763397164,0.175316396283842
"role_reassignment","Node role reassignment","small",0.25,"fitted-kernel distance","raw weighted scale","graphon_frobenius_raw",200,0.155,0.605234380866875,0.597307478560581,0.513581206091353,0.70570131461182,0.660067728143905
"role_reassignment","Node role reassignment","small",0.25,"fitted-kernel distance","unit-mean shape","graphon_frobenius_shape",200,0.12,0.525446764253696,0.520992074939051,0.452003932350778,0.611605550114193,0.577920598282863
"role_reassignment","Node role reassignment","small",0.25,"fitted-kernel distance","raw weighted scale","graphon_wasserstein_raw",200,0.085,0.130125998636084,0.128816877089602,0.0803743017406505,0.180641818089671,0.169874751219579
"role_reassignment","Node role reassignment","small",0.25,"fitted-kernel distance","unit-mean shape","graphon_wasserstein_shape",200,0.045,0.106638792464709,0.106276767558165,0.0655070759170567,0.150069835067424,0.147092610054326
"role_reassignment","Node role reassignment","small",0.25,"conventional indicator","native indicator scale","indicator_binary_transitivity",200,0.13,0.0135809365258269,0.0121944781894477,0.000706709075117515,0.032999062099118,0.0239801659950453
"role_reassignment","Node role reassignment","small",0.25,"conventional indicator","native indicator scale","indicator_edge_density",200,0.09,0.00796044303797469,0.00727848101265824,0.000158227848101267,0.0191613924050633,0.0159889240506329
"role_reassignment","Node role reassignment","small",0.25,"conventional indicator","native indicator scale","indicator_effective_destinations",200,0.09,0.0101241296723296,0.00856889532055094,0.00047431980222501,0.025071121546692,0.0212173104812073
"role_reassignment","Node role reassignment","small",0.25,"conventional indicator","native indicator scale","indicator_in_strength_gini",200,0.06,0.0151156815904885,0.0124074361104161,0.000659875771622681,0.0362982161193957,0.0340800096386451
"role_reassignment","Node role reassignment","small",0.25,"conventional indicator","native indicator scale","indicator_out_strength_gini",200,0.06,0.0142800906474114,0.0138479982767666,0.000718338075351654,0.038286469697065,0.0326812569457221
"role_reassignment","Node role reassignment","small",0.25,"conventional indicator","native indicator scale","indicator_top10_destination_share",200,0.05,0.0092465974539917,0.00807584821586167,0.00052996264670252,0.0254761589320065,0.0218795240206667
"role_reassignment","Node role reassignment","small",0.25,"conventional indicator","native indicator scale","indicator_total_weight",200,0.145,0.0423395462990372,0.0385840483203488,0.00345979729187049,0.0964104403547494,0.0710006686478987
"role_reassignment","Node role reassignment","small",0.25,"conventional indicator","native indicator scale","indicator_weighted_reciprocity",200,0.04,0.01451275884534,0.0129795027139373,0.000610491993260114,0.0409154512715416,0.0380365767076742
"role_reassignment","Node role reassignment","small",0.25,"adjacency benchmark","raw weighted scale","singular_spectrum_raw",200,0.14,2.89245154366294,2.72857781554675,1.21117799023474,5.17458245198313,4.09260438547839
"role_reassignment","Node role reassignment","small",0.25,"adjacency benchmark","unit-mean shape","singular_spectrum_shape",200,0.075,1.89840775632684,1.82409108576806,0.911465346287994,3.1016844968325,2.86333377600237
