"nodeID","nodeLabel","nodeLat","nodeLong","mean_in_strength_2006_2024","destination_core_rank","is_destination_core","is_regional_destination_core"
"24","Budapesti",47.4984056,19.0407578,198195.263157895,1,TRUE,FALSE
"33","Debreceni",47.5299739,21.6393571,34365.7368421053,2,TRUE,TRUE
"140","Szegedi",46.2536169,20.1461345,30384.4210526316,3,TRUE,TRUE
"118","Pecsi",46.0713242,18.2331772,27423.2631578947,4,TRUE,TRUE
"51","Godolloi",47.5975105,19.3480017,16550.7894736842,5,TRUE,TRUE
"54","Gyori",47.684051,17.6351011,14169.2105263158,6,TRUE,TRUE
"97","Miskolci",48.1043854,20.7913563,12216.6842105263,7,TRUE,TRUE
"41","Egri",47.9031987,20.3731077,10591.8947368421,8,TRUE,TRUE
"170","Veszpremi",47.092967,17.913785,10211.1052631579,9,TRUE,TRUE
"136","Sopron-Fertodi",47.684898,16.583053,9232.52631578947,10,TRUE,TRUE
"108","Nyiregyhazai",47.9532583,21.7264647,7509.21052631579,11,TRUE,TRUE
"68","Kaposvari",46.36653,17.782483,5921.84210526316,12,TRUE,TRUE
"109","Oroshazai",46.5615338,20.6619204,3806.36842105263,13,TRUE,TRUE
"72","Kecskemeti",46.9062092,19.6899774,2571.57894736842,14,TRUE,TRUE
"152","Szolnoki",47.174662,20.17628,2075.42105263158,15,TRUE,TRUE
"157","Tatabanyai",47.5861869,18.3947662,1623.78947368421,16,TRUE,TRUE
"165","Vaci",47.7754454,19.1377076,1566.78947368421,17,TRUE,TRUE
"39","Dunaujvarosi",46.980668,18.9127069,1312.31578947368,18,TRUE,TRUE
"7","Bajai",46.1834182,18.9538158,1132.68421052632,19,TRUE,TRUE
"142","Szekesfehervari",47.1887157,18.4138088,974.947368421053,20,TRUE,TRUE
"138","Szarvasi",46.8595081,20.5595884,857.78947368421,21,FALSE,FALSE
"23","Budaorsi",47.460753,18.9581146,703.105263157895,22,FALSE,FALSE
"153","Szombathelyi",47.23514,16.6219178,567.157894736842,23,FALSE,FALSE
"129","Sarospataki",48.318984,21.5663738,239.210526315789,24,FALSE,FALSE
"46","Esztergomi",47.793308,18.7419333,146.105263157895,25,FALSE,FALSE
"1","Abai",47.028736,18.517633,0,26,FALSE,FALSE
"10","Balatonalmadi",47.0286976,18.0148627,0,27,FALSE,FALSE
"100","Morahalomi",46.217922,19.883719,0,28,FALSE,FALSE
"101","Mori",47.3717781,18.2085973,0,29,FALSE,FALSE
"102","Mosonmagyarovari",47.8744063,17.2693897,0,30,FALSE,FALSE
"103","Nagyatadi",46.23001,17.3574429,0,31,FALSE,FALSE
"104","Nagykalloi",47.875519,21.8460521,0,32,FALSE,FALSE
"105","Nagykanizsai",46.455237,16.9953419,0,33,FALSE,FALSE
"106","Nagykatai",47.4181175,19.7422453,0,34,FALSE,FALSE
"107","Nyirbatori",47.835414,22.130289,0,35,FALSE,FALSE
"11","Balatonfoldvari",46.8497238,17.8794039,0,36,FALSE,FALSE
"110","Oroszlanyi",47.4943329,18.3215448,0,37,FALSE,FALSE
"111","Ozdi",48.2195564,20.2869186,0,38,FALSE,FALSE
"112","Oriszentpeteri",46.838954,16.4211574,0,39,FALSE,FALSE
"113","Pacsai",46.7226412,17.0096878,0,40,FALSE,FALSE
"114","Paksi",46.626368,18.8652409,0,41,FALSE,FALSE
"115","Pannonhalmai",47.55021,17.754228,0,42,FALSE,FALSE
"116","Papai",47.3308153,17.4660302,0,43,FALSE,FALSE
"117","Pasztoi",47.919562,19.6978939,0,44,FALSE,FALSE
"119","Pecsvaradi",46.158114,18.422176,0,45,FALSE,FALSE
"12","Balatonfuredi",46.9564612,17.8889631,0,46,FALSE,FALSE
"120","Petervasarai",48.017941,20.1019849,0,47,FALSE,FALSE
"121","Pilisvorosvari",47.6212089,18.9111742,0,48,FALSE,FALSE
"122","Polgari",47.866362,21.1242449,0,49,FALSE,FALSE
"123","Puspokladanyi",47.3176758,21.1165369,0,50,FALSE,FALSE
"124","Rackevei",47.1611023,18.9455669,0,51,FALSE,FALSE
"125","Retsagi",47.9278597,19.1372757,0,52,FALSE,FALSE
"126","Salgotarjani",48.0853167,19.7869357,0,53,FALSE,FALSE
"127","Sarbogardi",46.887769,18.6193289,0,54,FALSE,FALSE
"128","Sarkadi",46.746283,21.3848669,0,55,FALSE,FALSE
"13","Balmazujvarosi",47.612435,21.343577,0,56,FALSE,FALSE
"130","Sarvari",47.2540616,16.9352309,0,57,FALSE,FALSE
"131","Sasdi",46.2548488,18.1060595,0,58,FALSE,FALSE
"132","Satoraljaujhelyi",48.3941408,21.6559965,0,59,FALSE,FALSE
"133","Sellyei",45.8719698,17.8460989,0,60,FALSE,FALSE
"134","Siklosi",45.852147,18.2988281,0,61,FALSE,FALSE
"135","Siofoki",46.9057439,18.0525018,0,62,FALSE,FALSE
"137","Sumegi",46.9775543,17.2819824,0,63,FALSE,FALSE
"139","Szecsenyi",48.0811488,19.5197217,0,64,FALSE,FALSE
"14","Barcsi",45.959228,17.4666786,0,65,FALSE,FALSE
"141","Szeghalomi",47.027309,21.166263,0,66,FALSE,FALSE
"143","Szekszardi",46.3485623,18.7019205,0,67,FALSE,FALSE
"144","Szentendrei",47.6734712,19.07254,0,68,FALSE,FALSE
"145","Szentesi",46.65192,20.2571842,0,69,FALSE,FALSE
"146","Szentgotthardi",46.9527524,16.2737218,0,70,FALSE,FALSE
"147","Szentlorinci",46.040211,17.989775,0,71,FALSE,FALSE
"148","Szerencsi",48.162418,21.205206,0,72,FALSE,FALSE
"149","Szigetvari",46.0482577,17.8123125,0,73,FALSE,FALSE
"15","Batonyterenyei",47.989222,19.828845,0,74,FALSE,FALSE
"150","Szikszoi",48.1949949,20.9294318,0,75,FALSE,FALSE
"151","Szobi",47.818012,18.8667731,0,76,FALSE,FALSE
"154","Tabi",46.729486,18.0329558,0,77,FALSE,FALSE
"155","Tamasi",46.6295947,18.2846991,0,78,FALSE,FALSE
"156","Tapolcai",46.88289,17.4413581,0,79,FALSE,FALSE
"158","Tatai",47.655255,18.3285248,0,80,FALSE,FALSE
"159","Teti",47.515979,17.5168418,0,81,FALSE,FALSE
"16","Bekescsabai",46.6841987,21.0867872,0,82,FALSE,FALSE
"160","Tiszafuredi",47.615345,20.7617821,0,83,FALSE,FALSE
"161","Tiszaujvarosi",47.92291,21.052195,0,84,FALSE,FALSE
"162","Tiszavasvari",47.9511368,21.3687867,0,85,FALSE,FALSE
"163","Tokaji",48.119994,21.412563,0,86,FALSE,FALSE
"164","Torokszentmiklosi",47.180736,20.4182932,0,87,FALSE,FALSE
"166","Varpalotai",47.1973949,18.1396572,0,88,FALSE,FALSE
"167","Vasarosnamenyi",48.126772,22.318366,0,89,FALSE,FALSE
"168","Vasvari",47.051087,16.7985158,0,90,FALSE,FALSE
"169","Veresegyhazi",47.65714,19.284962,0,91,FALSE,FALSE
"17","Bekesi",46.6704899,21.0434996,0,92,FALSE,FALSE
"171","Zahonyi",48.406999,22.1745391,0,93,FALSE,FALSE
"172","Zalaegerszegi",46.845412,16.8472302,0,94,FALSE,FALSE
"173","Zalakarosi",46.5605989,17.1230251,0,95,FALSE,FALSE
"174","Zalaszentgroti",46.947143,17.0790458,0,96,FALSE,FALSE
"175","Zirci",47.2630578,17.8725401,0,97,FALSE,FALSE
"18","Belapatfalvai",48.052725,20.348591,0,98,FALSE,FALSE
"19","Berettyoujfalui",47.233892,21.5340216,0,99,FALSE,FALSE
"2","Abauj-Hegykozi",48.471017,21.2741752,0,100,FALSE,FALSE
"20","Bicskei",47.490759,18.6362719,0,101,FALSE,FALSE
"21","Bodrogkozi",48.263291,21.8918689,0,102,FALSE,FALSE
"22","Bonyhadi",46.2986759,18.5305778,0,103,FALSE,FALSE
"25","Cegledi",47.1772081,19.7980311,0,104,FALSE,FALSE
"26","Celldomolki",47.257515,17.1526399,0,105,FALSE,FALSE
"27","Csengeri",47.8350105,22.6822754,0,106,FALSE,FALSE
"28","Csepregi",47.401546,16.7081249,0,107,FALSE,FALSE
"29","Csongradi",46.710833,20.144575,0,108,FALSE,FALSE
"3","Adonyi",47.119574,18.8652611,0,109,FALSE,FALSE
"30","Csornai",47.601529,17.249978,0,110,FALSE,FALSE
"31","Csurgoi",46.260776,17.095325,0,111,FALSE,FALSE
"32","Dabasi",47.192283,19.330853,0,112,FALSE,FALSE
"34","Derecske-Letavertesi",47.3824608,21.891967,0,113,FALSE,FALSE
"35","Devecseri",47.106397,17.437279,0,114,FALSE,FALSE
"36","Dombovari",46.383295,18.131089,0,115,FALSE,FALSE
"37","Dorogi",47.7197439,18.7287817,0,116,FALSE,FALSE
"38","Dunakeszi",47.6297228,19.1380528,0,117,FALSE,FALSE
"4","Ajkai",47.1068802,17.563957,0,118,FALSE,FALSE
"40","Edelenyi",48.2966608,20.7442671,0,119,FALSE,FALSE
"42","Encsi",48.330768,21.1219603,0,120,FALSE,FALSE
"43","Enyingi",46.9296,18.242978,0,121,FALSE,FALSE
"44","Ercsi",47.24966,18.891059,0,122,FALSE,FALSE
"45","Erdi",47.3783095,18.9217973,0,123,FALSE,FALSE
"47","Fehergyarmati",47.985063,22.517104,0,124,FALSE,FALSE
"48","Fonyodi",46.749197,17.5558792,0,125,FALSE,FALSE
"49","Fuzesabonyi",47.750888,20.409611,0,126,FALSE,FALSE
"5","Aszodi",47.6523763,19.4759463,0,127,FALSE,FALSE
"50","Gardonyi",47.1973503,18.6091412,0,128,FALSE,FALSE
"52","Gyali",47.3808958,19.215712,0,129,FALSE,FALSE
"53","Gyongyosi",47.775028,19.9280689,0,130,FALSE,FALSE
"55","Gyulai",46.642498,21.268809,0,131,FALSE,FALSE
"56","Hajduboszormenyi",47.673238,21.5076172,0,132,FALSE,FALSE
"57","Hajduhadhazi",47.68197,21.6685631,0,133,FALSE,FALSE
"58","Hajduszoboszloi",47.443667,21.389719,0,134,FALSE,FALSE
"59","Hatvani",47.668122,19.669901,0,135,FALSE,FALSE
"6","Bacsalmasi",46.123955,19.32633,0,136,FALSE,FALSE
"60","Hevesi",47.5945238,20.2882213,0,137,FALSE,FALSE
"61","Hevizi",46.7905869,17.1843866,0,138,FALSE,FALSE
"62","Hodmezovasarhelyi",46.430411,20.3188298,0,139,FALSE,FALSE
"63","Ibrany-Nagyhalaszi",48.134908,21.7187528,0,140,FALSE,FALSE
"64","Janoshalmai",46.2967401,19.3228798,0,141,FALSE,FALSE
"65","Jaszberenyi",47.5006181,19.9147188,0,142,FALSE,FALSE
"66","Kadarkuti",46.2311466,17.6157102,0,143,FALSE,FALSE
"67","Kalocsai",46.5334145,18.9856969,0,144,FALSE,FALSE
"69","Kapuvar-Beledi",47.5935568,17.0249715,0,145,FALSE,FALSE
"70","Karcagi",47.316632,20.9220631,0,146,FALSE,FALSE
"71","Kazincbarcikai",48.25317,20.6456512,0,147,FALSE,FALSE
"73","Keszthelyi",46.7695893,17.2481444,0,148,FALSE,FALSE
"74","Kisberi",47.501673,18.0269161,0,149,FALSE,FALSE
"75","Kiskorosi",46.620386,19.283827,0,150,FALSE,FALSE
"76","Kiskunfelegyhazai",46.7050953,19.8499199,0,151,FALSE,FALSE
"77","Kiskunhalasi",46.432037,19.4885269,0,152,FALSE,FALSE
"78","Kiskunmajsai",46.492344,19.7368448,0,153,FALSE,FALSE
"79","Kisteleki",46.4696447,19.9803972,0,154,FALSE,FALSE
"8","Baktaloranthazai",47.997697,22.0766029,0,155,FALSE,FALSE
"80","Kisvardai",48.2264002,22.0846211,0,156,FALSE,FALSE
"81","Komaromi",47.7434248,18.1191064,0,157,FALSE,FALSE
"82","Komloi",47.600636,20.445412,0,158,FALSE,FALSE
"83","Kormendi",47.011113,16.6057156,0,159,FALSE,FALSE
"84","Koszegi",47.381935,16.552229,0,160,FALSE,FALSE
"85","Kunszentmartoni",46.841082,20.287233,0,161,FALSE,FALSE
"86","Kunszentmiklosi",47.026444,19.1227831,0,162,FALSE,FALSE
"87","Lengyeltoti",46.667049,17.6407711,0,163,FALSE,FALSE
"88","Lenti",46.623785,16.546001,0,164,FALSE,FALSE
"89","Letenyei",46.4337456,16.7221882,0,165,FALSE,FALSE
"9","Balassagyarmati",48.078798,19.2938953,0,166,FALSE,FALSE
"90","Makoi",46.21498,20.47513,0,167,FALSE,FALSE
"91","Marcali",46.582815,17.4119018,0,168,FALSE,FALSE
"92","Mateszalkai",47.943265,22.316904,0,169,FALSE,FALSE
"93","Mezocsati",47.823541,20.9028038,0,170,FALSE,FALSE
"94","Mezokovacshazai",46.4071834,20.9241681,0,171,FALSE,FALSE
"95","Mezokovesdi",47.8068796,20.5650907,0,172,FALSE,FALSE
"96","Mezoturi",47.00278,20.618465,0,173,FALSE,FALSE
"98","Mohacsi",45.9959241,18.6798279,0,174,FALSE,FALSE
"99","Monori",47.34754,19.448946,0,175,FALSE,FALSE
